编号,句子,实体1a,实体1b
2002,俄国家杜马主席沃洛金12日在议会强调，“俄罗斯主权互联网”法案的任务“不是关闭，也不是切断互联网，而是要确保互联网安全”。俄罗斯《商业咨询日报》报道称，俄通信和大众传媒部等政府部门均支持这一法案，但提出了各自的意见。沃洛金要求在二读通过前，对法案进行详细讨论和修改。,俄罗斯,法案
2003,法案草案在国家杜马还需进行两轮投票，然后交至议会上院，最后经普京签署后才能成为法律。路透社称，虽然尚需修订，但其作为俄罗斯维护“网络主权”的努力，预计能获通过。俄《商业咨询日报》报道说，“断网”测试有望于今年4月1日前进行，具体日期尚未确定。俄政府计划为实施该法案拨款200亿卢布(约合21亿元人民币)。,俄政府,法案
2006,【环球时报综合报道】俄罗斯考虑测试断开与全球互联网的连接，以检验其应对外部互联网威胁的能力。包含这一计划的法案12日在俄国家杜马一读通过。俄罗斯一直警惕，西方可能将“断网”作为对俄制裁。美国去年在国家安全战略中睚眦必报的威胁，似乎让人觉得这种可能性在增加。事实上，为维护“网络主权”，俄罗斯已经准备多年。但对于这项计划是否能够真正实施，外界有很多不同看法。有分析认为，互联网协议的复杂性和基础设施在全球的分散性，令切断与世界的联系比想象中难。但正因为如此，一些国家联合起来在互联网上“孤立”俄罗斯，也并不容易实现。,俄罗斯,互联网威胁
2007,“这也许是俄罗斯无可奈何的选择”，德国新闻电视台13日评论说，在冷战结束后，俄罗斯仍被美国视作对手。即使进入新千年，俄罗斯也还在遭美国严厉制裁。互联网将是美国未来制裁俄罗斯的新领域。瘫痪俄罗斯的互联网，将严重影响其金融、军事等领域。美国彭博社称，去年11月，北约加大了针对俄罗斯的年度网络战演习力度。美欧都威胁对俄的网络攻击予以制裁。,北约,网络战
2008,复旦大学网络空间治理研究中心主任沈逸则认为，还有另一种可能。他13日对《环球时报》记者说，从俄罗斯的角度来说，这是一种“应急预案”。现在进行“断网”测试是要告诉美国，俄罗斯做好了最坏的准备。某种程度上，这是以比较低的成本展示出一种姿态。,俄罗斯,断网测试
2009,也有专家对西方能否在互联网“孤立”俄罗斯提出质疑。美国Axios新闻网称，曾在奥巴马政府担任网络安全协调员的迈克尔·丹尼尔说，技术上讲，很难想象一些国家联合起来完全孤立俄罗斯，互联网的分散性让这种想法很难实现。沈逸对《环球时报》记者说，尽管美国政府仍可管辖全球顶级根服务器，但这已从行政管辖变成司法管辖。从逻辑上说，在最极端的情况下，美国也许可以通过某种方式对网络访问进行限制。但这样可能导致现有的互联网遭到弃用，因为没有人会容忍这样的事发生。,美国,网络访问
2012,【环球时报报道 记者 赵觉珵】据新加坡《联合早报》13日报道，在中国第35次南极科考期间，中国极地固定翼飞机“雪鹰601”顺利完成对东南极冰盖分冰岭、埃默里冰架南缘等重要航线的探测，标志着中国科研人员具备了独立开展南极航空科考能力。,极地固定翼飞机,东南极冰盖冰岭
2013,“今年是‘雪鹰601’固定翼飞机航空科学考察最艰难的一年，任务设定上创造了单次飞行时间和任务难度最大的历史。两次冰脊B的飞行和两次埃默里冰架南缘的飞行，在国际上也堪称同类科考飞行的极限”，第35次南极科考队固定翼飞机队书记崔祥斌介绍称。“雪鹰601”是中国首架极地固定翼飞机，依托该飞机，本次科考在南极冰脊B、伊丽莎白公主地、埃默里冰架南缘等区域，开展了大范围、详细的航空冰雷达、航空重力和磁力观测。,“雪鹰601”,极地固定翼飞机
2014,一位了解南极科考的极地专家13日对《环球时报》记者表示，此次“雪鹰601”飞行的范围是我国南极科考传统作业区域，自2007年-2008年起，我国就开始考察连接南极普利兹湾-埃默里冰架-冰穹A的大断面（也称“PANDA断面”），这也是一条研究南极冰盖科学的重要通道。通过对该地区的气、冰、海等因素的综合性研究，对研究气候变化有重要意义。,“雪鹰601”,南极科考
2015,《联合早报》援引中国第35次南极科学考察队领队、中国极地研究中心副主任孙波的话称，“这对查清这些区域的地质、环境等问题有重要的科学意义，对寻找地球上最古老冰芯，解决东南极缝合带走向和地质演化、冰架海底地形、埃默里冰架动力过程和稳定性等科学问题有重要的科学价值。”“雪鹰601”飞机在世界上首次完成东南极冰盖关键区域的航空科学探测任务，有助于揭示冰盖演化与稳定性机制，查寻地球古气候环境变化的“源代码”。,“雪鹰601”,航空科学探测任务
2016,今年1月18日，“雪鹰601”成功降落在位于南极冰盖之巅冰穹A地区的昆仑站机场，这也是“雪鹰601”继2017年1月“首降”以来，第三次成功降落在这一海拔4090米的机场。,“雪鹰601”,昆仑站机场
2017,上述极地专家向《环球时报》记者介绍称，南极地区的固定翼飞机的主要用途，一是航空遥感，在飞机上装载传感器，大面积测量冰盖表面地形地貌的变化；二是运输人员和物资设备。不过，由于“雪鹰601”的装载量有限，主要用于航空遥感方面。,“雪鹰601”,航空遥感
2019,《联合早报》称，“雪鹰601”在本次科考期间还执行了中山站至泰山站和昆仑站两个内陆考察站的年度常规后勤保障飞行，进一步积累高海拔区域飞行经验，并为两站运输了相应的补给物资。▲,“雪鹰601”,年度常规后勤保障飞行
2021,【环球时报综合报道】《环球时报》记者13日从国家航天局获悉，11日20时，玉兔二号巡视器再次进入月夜休眠模式，落月后在月面累计行驶共计约120米。嫦娥四号着陆器于同日19时完成月夜设置，进入休眠。,玉兔二号巡视器,月夜休眠模式
2025,【环球时报报道 特约记者 李强 本报记者 郭媛丹】澳大利亚政府与法国船舰制造巨头日前正式签署总金额高达500亿澳元的合同，向后者订购12艘“攻击”级常规动力潜艇。据专家介绍，该型潜艇可以视作是一种“核改常”的超级常规动力潜艇，水下连续续航时间和海上自持力非常高，服役后南海可能成为该型潜艇的重点活动区域，这将加剧地区紧张局势。,澳大利亚政府,“攻击”级常规动力潜艇
2026,《新西兰先驱报》中文网12日报道称，首艘潜艇将于2030年交付。报道称，在2016年4月，法国击败日本和德国，在澳大利亚的潜艇建造招标中中标。同年12月，双方在澳大利亚正式签署军购协议。但由于澳大利亚国内媒体报道潜艇成本过高和生产延迟等负面消息，这项潜艇建造的最终合同被推迟至今。而据俄卫星新闻网报道，该潜艇的首艇将被命名为“攻击”号。,法国,潜艇
2027,中国军事专家李杰13日接受《环球时报》记者采访时表示，澳大利亚从法国采购12艘潜艇的主要原因之一是因为自身“柯林斯”级潜艇老旧、性能差。同时，澳方目前有提升自身海军作战能力的综合需求。,澳大利亚,潜艇
2028,接受《环球时报》记者采访的另一中国军事专家表示，“攻击”级潜艇可以被视为一款“核改常”潜艇。它是以法国新一代“梭鱼”级攻击型核潜艇为蓝本研制的常规动力潜艇，法国向澳大利亚推销时，曾以澳大利亚本土的物种“短鳍梭鱼”命名，后改名为“攻击”级。“梭鱼”级核潜艇的水下排水量超过5000吨，而“攻击”级排水量也高达4500吨，它采用先进流体力学外形和静音效果很好的泵喷主推进器，低速巡航时噪音有望低于核动力的“梭鱼”级，也低于海洋背景噪音。该级潜艇是竞标时所有方案中吨位最大的，也是目前世界上已经确认建造的最大吨位常规动力潜艇。由于使用了不依赖空气推进系统，水下潜航时间超过20天，海上自持力3个月。另外，由于该潜艇设计源于“梭鱼”级核动力潜艇，所以理论上也存在“常改核”的可能，可进一步提高水下续航性能，降低被发现概率。,“攻击”级潜艇,“核改常”潜艇
2029,澳大利亚此次采购的潜艇设计来自法国，而潜艇的武器系统和传感器将由美国防务巨头洛克希德·马丁公司设计和安装。该公司于2018年和澳大利亚签署价值7亿澳元的合同，为澳大利亚未来潜艇项目设计、制造和集成作战系统。据分析，该作战系统可能基于AN/BYG-1作战系统研制，基本武器装备可能包括多型水雷、“鱼叉”反舰导弹、Mk48 Mod7重型鱼雷等。除了常规的反舰导弹、重型鱼雷以外，该潜艇还能装备射程超过1500公里的潜射巡航导弹。巡航导弹的装备，加上潜艇隐蔽性的特点，将极大提高澳大利亚海军的战略威慑能力。由于艇体较大，该艇还可以安装更多的电子监听、侦察装备。届时，该级潜艇将完成反潜、反舰、海上封锁、侦察监视、支援陆上作战和特种作战等任务。,洛克希德·马丁公司,潜艇的武器系统
2030,李杰认为，未来12艘潜艇中可能有4-6艘进入“堪培拉”级准航母编队，配合美国在南海巡航，战时甚至有可能执行封锁战略海峡的任务。,武器装备,多型水雷
2031,一位中国匿名军事专家对《环球时报》记者表示，澳大利亚对亚太市场的依赖决定了南海是澳大利亚海上生命线，澳大利亚在近些年表现出对南海问题格外关注，因此南海或将成为澳大利亚潜艇的重要活动区域。不过，潜艇是进攻性武器，很难用于保护交通线。该专家指出，该级潜艇在南海区域活动，很可能执行情报收集和监视、海上打击、封锁以及支援陆上行动等任务。除了单独执行任务以外，还能与美日海上力量共享情报，甚至围堵中国的水下力量，配合美国海军在南海执行任务。,潜艇,情报收集和监视
2032,李杰认为，澳方此举一方面意在显示自己在印太地区是除印度之外的另一地区大国，因此这些潜艇未来会更多执行独立巡航任务，会较少和美国舰艇组成编队。另一方面，美国也将要求澳大利亚在印太地区扮演更重要的角色。澳大利亚很有可能会参与美国在南海地区组织的联合演习、编队联合巡航等任务。,潜艇,独立巡航任务
2033,《新西兰先驱报》中文网认为，一些评论家对澳法两国的军事合作感到遗憾，因为这无疑将加剧太平洋地区的紧张局势。,澳法两国,军事合作
2034,李杰认为，对于域外国家未来在南海海域的行动，中国应在相关海域增强反潜力量，“我们要进一步组建和训练立体反潜体系，提升岛上、水下和空中的立体反潜力量。一旦他国潜艇进入该地区，我们要有能力有效应对，使得他们的潜艇不敢轻举妄动，确保海上交通线能畅通无阻。”▲,中国,立体反潜体系
2036,【环球网报道 实习记者 任洁】俄总统普京12日在喀山会见社会各界代表时提到了图-160军用超音速轰炸机在喀山进行的升级改造，他表示支持建造国产超音速客机。,图-160军,超音速轰炸机
2037,据俄罗斯《观点报》2月12日报道，普京在与喀山社会各界代表会面时表示，“我们在喀山实施了一个了不起的项目，实际上为武装部队创造了一个新型图-160超音速战略轰炸机。不仅完成了轰炸机本身的制造，还制造了它的武器。一切都像钟表一样精美，很棒。”,俄罗斯,新型图-160超音速战略轰炸机
2040,据报道，目前俄联合航空制造集团公司已开始考虑大型客机项目，或将在该项目上运用战略火箭运载工具同款技术。,俄联合航空制造集团公司,战略火箭运载工具同款技术
2042,【环球网综合报道】微软共同创办人艾伦（Paul Allen）生前所筹组的沉船搜索团队“RV Petrel”履次发现二战名舰，先前在本月4日发现日军战舰“比叡”号，而该团队也宣布已经找到美国传奇航空母舰“大黄蜂号”（USS Hornet，CV-8）的残骸。,沉船搜索团队“RV Petrel”,日军战舰“比叡”号
2043,台媒2月13日称，，“RV Petrel”近来在南太平洋的所罗门群岛一带积极寻找二战沉船，日前他们把目标锁定在航空母舰“大黄蜂号”，“大黄蜂号”是在1942年10月的圣克鲁斯群岛海战（南太平洋海战）中被日军击沉，搜索团队依靠美国海军档案及当时参与海战的其他军舰的行动报告来搜寻大黄蜂号的踪迹。,“RV Petrel”,航空母舰“大黄蜂号”
2044,“RV Petrel”团队拥有一艘长约76米的研究船“海燕号”（Petrel），船上配备可潜入水下6000米深的探测装置。团队称，“海燕号”在进行第一次潜水任务时就发现“大黄蜂号”的残骸，沉船深度接近1万7500英尺（约5334米），正静静地躺在南太平洋深海中。,“RV Petrel”团队,研究船“海燕号”（Petrel）
2045,“大黄蜂号”战功赫赫，其中最为知人所知的就是二战美国首次对日本本土攻击的“杜立德空袭”，当时“大黄蜂号”搭载16架B-25B轰炸机前往轰炸日本，大大提振美国士气。,“大黄蜂号”,16架B-25B轰炸机
2046,随后“大黄蜂号”参与中途岛海战、瓜达康纳尔岛战役等知名战役，最后在1942年10月圣克鲁斯群岛海战被多枚炸弹与鱼雷击中，船员被迫弃船后，“大黄蜂号”随即被日军击沉，同时成为太平洋战争中最后一艘遭日军击沉的大型航母。,“大黄蜂号”,中途岛海战
2048,当地时间2月11日至12日，“和平-19”多国海上联演在巴基斯坦卡拉奇附近海域进行海上阶段实兵演练。各国参演舰艇围绕航行补给、反海盗、主炮对海实弹射击、编队运动、临检拿捕等23个科目展开演练。实兵演练结束后，本次演习落下帷幕。,“和平-19”多国海上联演,巴基斯坦卡拉奇附近海域
2049,“和平-19”多国海上联演于2月8日开幕。海上实兵演练共分两个阶段，11日、12日分别进行第一、二阶段演练。11日上午9时，参演舰艇快速离港后，巴基斯坦海军快艇在航道扮演敌情目标，从参演各舰右舷抵近，模拟快速攻击。,巴基斯坦海军快艇,敌情目标
2050,昆仑山舰雷达报告，发现小目标快速向我舰艇接近。昆仑山舰舰载武器系统立即备便，官兵密切关注快速目标的动向，特战队员于舰艇两舷准备使用重机枪对目标射击。“敌方目标”见无机可乘，转向驶离。,昆仑山舰雷达,“敌方目标”
2052,国际海上阅舰式中，参演舰艇组成单纵队，巴基斯坦总统阿尔维乘坐巴海军“莫温”号补给舰进行检阅。我海军官兵军容严整，在甲板上分区列队接受检阅。最后，参演舰艇组成“和平鸽”队形，航行于印度洋面上，喻示着演习旨在共同维护地区和平。至此，“和平-19”多国海上联演落下帷幕。,巴基斯坦总统阿尔维,“莫温”号补给舰
2053,中国海军998舰艇编队指挥员邵曙光表示，这次联演安排紧凑、活动丰富，加强了我与参演各国海军的相互沟通了解、增进了互信，锻炼了我海军官兵应对多种安全威胁的能力，彰显了我与参演各国致力于共同应对风险挑战，维护印度洋地区海上和平、繁荣、稳定的决心和信心。（薛成清、崔晓洋、王杰）,中国海军998舰艇编队,联演
2056,【环球网军事2月13日报道】据《简氏防务周刊》网站2月11日报道，匈牙利国防部已经批准将其剩余的退役米格-29战斗机进行出售。,匈牙利国防部,米格-29战斗机
2057,这批出售的米格-29战斗机数量为19架，包括已经部分拆除和已经退役不能再使用的战斗机、20台航空发动机和293个战斗机零部件。其中还包含该型战斗机使用的武器。这批装备的初始拍卖价格为28亿福林（约合1000万美元）。不过在拍卖进行前，匈牙利政府必须得到俄罗斯方面的许可。,匈牙利政府,米格-29战斗机
2058,简式网站报道还曾报道称，2017年11月匈牙利也曾拍卖23架米格-29战斗机。当时的起始价格达到48亿匈牙利福林（1800万美元）。与战机一同拍卖的还有20台发动机，导弹和超过1200个备件。,匈牙利,23架米格-29战斗机
2059,俄罗斯于1993年向匈牙利交付了28架米格-29战斗机，以偿还部分债务。不过随后匈牙利决定放弃使用苏/俄制飞机，转而购买了瑞典研制的JAS-39“鹰狮”战斗机。,俄罗斯,28架米格-9战斗机
2061,【环球网军事2月13日报道】俄罗斯卫星通讯社2月12日报道，美国常驻北约代表哈奇森在电话记者会上表示，美国愿意签署一份可取代《中导条约》的新军控条约；但除俄美两国外，当前拥有中程弹道导弹的各国也都应参与缔约。,美国,新军控条约
2065,俄罗斯总统普京2月2日表示，俄方将对美方此举采取对等回应，也暂停履行条约义务。普京指出，俄罗斯不应也不会卷入耗资巨大的军备竞赛。他还说，所有俄方有关裁军问题的提案仍然有效，谈判大门依然敞开，但要求俄外交部和国防部不要再主动提出就此进行谈判。,俄罗斯,军备竞赛
2069,法国驻俄大使西尔维·贝尔曼表示，法国不同意美国总统特朗普的论点，他曾称很快就可能宣布从恐怖分子手中全部夺回此前被占领领土，包括在叙利亚的领土。,美国,被占领领土
2073,美国总统特朗普2018年12月19日发推文称叙境内的恐怖组织“伊斯兰国”已被战胜，美国白宫随后宣布美国开始从叙利亚撤军，但表示战胜叙利亚境内的“伊斯兰国”不意味着国际联军将停止打击该恐怖组织。,美国白宫,撤军
2075,【环球网军事2月13日报道】俄罗斯卫星通讯社2月12日报道，俄罗斯《国防》杂志主编伊戈尔·科罗琴科12日向卫星通讯社表示，俄罗斯“波塞冬”无人潜航器系作为发起反击的战略武器所研发，在俄罗斯联邦遭到核导弹攻击时使用，这是这款武器的唯一用途。,俄罗斯,“波塞冬”无人潜航器
2076,美国《商业内幕》杂志（Business Insider）此前援引多名专家的观点发表文章指出，俄罗斯“波塞冬”无人潜航器的真正目的是瓦解北约。文章认为，俄罗斯最新式鱼雷能够“终结整个大陆”，因此美国就不会再向需要拯救于“莫斯科攻击”的爱沙尼亚伸出援手，随后北约作为军事同盟将不复存在。,俄罗斯“波塞冬”无人潜航器,最新式鱼雷
2078,科罗琴科强调，俄罗斯新型无人潜航器能够在水下1000米的深度抵近目标投放增强型核弹药，属于反击型武器，不追求制止美国援助北约体系内其欧洲盟友的任务。,俄罗斯新型无人潜航器,反击型武器
2079,俄总统普京于2018年3月1日向联邦会议发表年度国情咨文时表示，俄罗斯研发了无人潜航器，能够深水行进，航程跨越大洲，速度数倍于潜艇、最先进的鱼雷和所有类型的水下战舰。普京指出，这种无人潜航器既可以配装常规弹药，也可以配装核弹药，能够摧毁各种类型的目标，其中包括航母战斗群。,俄罗斯,无人潜航器
2081,【环球网军事2月13日报道】俄罗斯卫星通讯社2月12日报道，俄罗斯联邦外交部防扩散和军控问题司司长弗拉基米尔·叶尔马科夫在接受采访时表示，美国发展天基反导防御系统的计划十分危险，将不可避免地导致空间军备竞赛。,美国,天基反导防御系统
2082,美国五角大楼最新版反导防御报告中指出，美国“将不用再忍受改进反导防御问题受到的限制”，并将重审在太空部署反导防御系统的问题。叶尔马科夫对此评论称，“任何放弃反导防御限制的路线都不是什么新事物”。,美国,反导防御系统
2084,叶尔马科夫称，除了完善已经部署到轨道上的传感器外，五角大楼的报告“实际上为在太空部署反导防御系统攻击单元开辟了道路。实施这些计划不可避免地会引发空间军备竞赛，对国际安全和战略稳定造成极为不利的影响。”,五角大楼,反导防御系统攻击单元
2085,美国国防部1月17日公布的反导报告中称，该国打算研制能够在导弹各飞行阶段将其击落的拦截系统。文件称，美国反导系统应兼有用以遏制威胁的防御和攻击能力，并具有在导弹发射后各飞行阶段对其进行拦截的积极能力。报告指出，美国五代机F-35闪电II（ Lightning II）已经可以击落巡航导弹，将来其可以装备能够在敌人弹道导弹起飞阶段将其击落的新拦截武器。报告还称，五角大楼2020年将测试用于拦截洲际弹道导弹的SM-3防空导弹。,美国国防部,拦截系统
2094,“首先我想说的是，外空是全人类共同的财产，并不是哪一家，特别是美国一家的私有财产。” 在12日中国外交部例行记者会上，发言人华春莹在回应外媒记者有关美国国防情报局报告的提问时表示：“我们注意到美国国防情报局的报告对中国、俄罗斯等有关国家的航天政策妄加评论，有关说法完全没有依据”。华春莹说，近一段时间以来，我们确实看到外空安全领域出现了一些消极动向。尤其令人警惕和关注的是，美国将外空定性为“作战疆域”，宣布组建独立的“外空部队”，不断开展外空作战演习。这些行为导致外空武器化、战场化危险日益成为现实。,美国,“外空部队”
2095,“太空冷战回来了。”德国新闻电视台12日称，迄今为止，美国在浩瀚的太空中并没遇到对手。但近年来，由于中国在太空中的崛起，以及俄罗斯逐渐回归，正在改变美国独霸太空的现状。就在上月，美国政府表示，将致力于在太空中扩充军备，考虑在太空中部署导弹防御系统的战略。特朗普上台后一直强调，太空是一个新的战场。观察家们因此担心世界将发生新一轮太空军备竞赛。这意味着，一旦美国与中俄未来在太空中发生冲突，将引发一场从太空到地面的全面战争，整个人类将会处于混乱和灾难之中。,美国政府,导弹防御系统
2097,俄卫星新闻网称，1966年联合国大会通过《外层空间条约》，禁止向太空部署大规模杀伤性武器，包括美国、俄罗斯（苏联）、中国在内的100多个国家在该条约上签了字。这一协议禁止在太空中部署大规模杀伤性武器，但并不限制其他武器。此后，俄罗斯和中国在联合国裁军大会上多次提出“防止在外太空部署一切武器以及使用武力威胁”条约草案，目的就是保证外太空没有武器，对所有国家开放太空和平研究，但这一提案一直受到美国的阻挠，这不禁令人怀疑，华盛顿真正渴望的是获得在太空中部署武器的完全自由，而不是对和平利用太空感兴趣。,联合国大会,大规模杀伤性武器
2103,在这份报告中，五角大楼还发明了一个新词：“太空自由”。这份报告称，“中俄正在开发对太空行动自由构成威胁的系统”。中国“已经具有了反卫星导弹的技术”，并且“可能已将可攻击美国航天器的激光武器加以完善”，“有能力袭击美国的太空资产”。俄罗斯也在努力完善这些技术，俄太空武器的焦点主要放在了定向能武器上，通常是激光或高功率微波器。它们“能够瘫痪甚至摧毁太空中的美国资产”。报告警告，“俄中这类能够摧毁太空目标的武器系统很可能在未来几年内投入使用”。NBC引述国防情报局官员的话称，“美国需要立即摆好姿态应对这些挑战，否则就可能失去太空优势”，“除非采取正确姿态，否则我们将处于危险之中”。当被问及“美国是否正在和俄罗斯、中国进行太空竞赛”时，这名官员称：“我们当然认为这是一场竞赛。”,中国,反卫星导弹的技术
2106,特朗普上台后，一直积极推动和组建“太空军”。特朗普曾称“太空军将让美国拥有压倒中国及其他对手的优势”。国际舆论担忧美国此举将把核武器等大规模杀伤性武器带入太空，是给人类带来灾难的“星球大战2.0版”。,特朗普,“太空军”
2107,面对国内和国际舆论的巨大压力，美国不断出台各种报告，渲染俄中“给美国的太空系统带来前所未有的新危险”。今年1月，美国国防部接连发布三个报告，均与太空相关。五角大楼最新的《国家情报战略》报告，称俄中都在追求“全方位的反卫星武器，这可能削弱美国的太空情报搜集能力”。《全球威胁评估报告》中也把俄中的太空能力作为指责的目标。1月17日，五角大楼发布自2010年以来的首份《导弹防御评估报告》，宣称将“考虑在太空部署反导防御系统”，包括“在太空配置拦截系统和部署激光卫星武器”。,五角大楼,拦截系统
2111,空间态势感知是进行任何航天活动的基础。在《太空安全面临的挑战》关于中俄反太空能力的章节中，都首先谈到了空间态势感知能力。该报告认为，中俄两国拥有强大的空间监视传感器网络，能搜索、跟踪和识别地球轨道上的所有卫星。这种监视网由各种望远镜、雷达和其他传感器组成，可以执行包括情报收集、反空间目标、弹道导弹预警、航天安全、卫星异常解决方案和空间碎片监测在内的众多任务。,中俄两国,空间监视传感器网络
2112,该报告认为，中俄已拥有一定的定向能反卫星手段。“中国可能正在寻求用激光武器来破坏、瘫痪或损坏卫星及其传感器，并且可能已经具有有限的利用激光系统对抗卫星传感器的能力。到2020年，可以对抗低轨道空间传感器的地基激光武器可能会投入使用，到本世纪20年代中后期，中国可能会发展功率更高的系统，将威胁扩展到非光学卫星的结构”。而俄罗斯“也可能正在寻求用激光武器来破坏、瘫痪或损坏卫星及其传感器”。报告称，在2018年7月之前，俄航空航天部队就开始装备可能用于执行反卫星任务的激光武器系统。俄总统普京在公开声明中称其为“新型战术武器”，俄罗斯国防部声称它能够“对抗轨道上的卫星”。俄罗斯也正在开发一种空基反卫星激光武器系统，用于打击天基导弹防御系统的传感器。,俄罗斯,空基反卫星激光武器系统
2113,除了充满噱头的激光武器外，该报告重点介绍了各种“可能威胁美军”的反卫星武器。首先是传统的地基反卫星导弹，它们可以从地面基地发射，攻击运行在近地轨道的卫星。例如“俄罗斯可能正在开发一种能摧毁近地轨道空间目标和弹道导弹的地基机动导弹系统，这种武器系统很可能在未来几年内投入使用”。该报告还宣称，“中国可能在研制更强大的反卫星武器，能摧毁运行在地球同步轨道的卫星”。,俄罗斯,地基机动导弹系统
2117,报告认为，俄军将电子战视为获得和维持信息优势的重要工具，使俄罗斯能够通过破坏对手的指挥、控制、通信和情报能力来完成行动。俄罗斯已经部署了各种地面电子战系统来对抗美军基于卫星系统的GPS、战术通信、卫星通信和雷达。俄罗斯致力于开发和实施全方位的电子战能力，以便在2020年之前对抗西方的指挥通信和武器制导系统。此外报告认为，从2010年以来，俄罗斯军方一直优先发展网络作战能力，以确保信息优势。俄罗斯认为信息领域具有“战略决策性”，并已采取措施使其军队的信息攻防组织和能力现代化。,俄罗斯,地面电子战系统
2121,【环球时报综合报道】澳大利亚国防部与法国海军造船集团11日正式签订12艘常规潜艇的采购合同，终于敲定这个堪称澳大利亚史上最昂贵的军购项目。尽管该项目历经磨难，仅谈判时间就长达两年，但澳大利亚仍为此充满期待。,澳大利亚国防部,12艘常规潜艇
2122,路透社11日称，整个潜艇采购项目金额高达500亿澳元（约合355亿美元、2400亿元人民币）。为体现对这个超级军购项目的重视，澳大利亚总理莫里森、防长佩恩和法国防长帕利齐聚堪培拉参加项目签字仪式。莫里森形容这是一项“非常大胆的计划”，也是“澳大利亚最大笔的和平时期防卫投资”。新潜艇服役后，将替换澳海军现役6艘“柯林斯”级常规潜艇。后者尽管服役时间并不算长，但各种故障不断，常年停泊在港口处于“半瘫痪”状态。,澳海军,6艘“柯林斯”级常规潜艇
2123,美国《防务新闻》11日称，澳大利亚这次采购的常规潜艇以法国“梭子鱼”级核潜艇为蓝本，满载排水量高达4000吨。正是凭借大吨位带来的大航程、大续航力乃至可携带更多的燃料和弹药等优势，2016年法国的这一潜艇设计击败日本和德国，获得澳大利亚军方的青睐。但法国人没能笑逐颜开，因为澳媒体不断曝出法国潜艇成本失控和生产延迟等问题，导致最终合同的签署被推迟。更糟糕的是，2016年8月，法国为印度制造的“鲉鱼”级常规潜艇超过两万多页的设计方案遭泄露，涉及潜艇诸多核心机密。这引起了澳大利亚的担忧。再加上澳海军坚持下一代潜艇必须采用美国AN/BYG-1作战系统以及BGM109“战斧”潜射巡航导弹，而美国对泄密风险极为敏感，坚持法国必须修改潜艇技术轮廓，并签署相关保密协定，使得潜艇谈判难上加难。,澳大利亚,法国“梭子鱼”级核潜艇
2124,不管怎样，澳法潜艇项目终于上路。按计划，该潜艇的第一艘将于本世纪30年代初交付，最后一艘则在50年代交付。对于12艘潜艇的使用，澳大利亚基于印度洋-太平洋双重大国的定位，将海洋安全特别是海上航线控制权视为国家安全战略基石，一方面要维护其地缘政治和经济利益，另一方面加强与美国及其他国家的海洋安全合作关系，进而谋求海洋大国的地位。这12艘新型远洋潜艇将构成澳大利亚在印度洋与太平洋两个方向进行远洋作战的水下舰队，主要执行反潜、反舰、对地攻击和情报搜集等任务，必要时还可支援特种作战。,12艘新型远洋潜艇,水下舰队
2125,澳大利亚广播公司网站特别提到，确定作为新潜艇母港的斯特林海军基地拥有南半球最完备的海军训练与维护设施。美国亚洲中心主任戈登·弗拉克表示：“从中远期来看，斯特林基地将成为西澳防务的中枢，增强澳大利亚在亚洲尤其是在东南亚地区的影响力，改变东南亚地区政治格局，打破东南亚地区军事平衡。”更耐人寻味的是，澳大利亚潜艇曾充当过美国刺探中国沿海情报的“马前卒”。《澳大利亚人报》2013年就披露，1992年在美国海军的指派下，一艘澳大利亚潜艇曾试图偷偷潜入中国上海附近，结果被渔网缠住，险些被发现。▲ （田 聿）,澳大利亚潜艇,中国上海附近
2127,【环球时报综合报道】美军“斯普鲁恩斯”号和“普雷贝尔”号导弹驱逐舰11日擅自进入中国南沙群岛仁爱礁和美济礁邻近海域，遭到解放军南部战区部队的警告驱离。美国《海军时报》《空军时报》11日披露，在这两艘美舰“硬闯南海”的同时，美军在南海周边还有很多动作。,美军“斯普鲁恩斯”号和“普雷贝尔”号导弹驱逐舰,中国南沙群岛仁爱礁和美济礁邻近海域
2129,《海军时报》称，“南海又送走了繁忙的一周”。报道称，1月26日至2月6日，美海军陆战队F-35B隐形战机在菲律宾附近海域的“黄蜂”号两栖攻击舰上起降，进行全挂载武器的“里程碑式飞行训练”。报道称，虽然训练海域位于南海以东，但该演练证明了美国军事力量在南海地区的持续存在，“中国通常反对美国在该地区的军事存在”。参训的F-35B投掷了500磅重的GBU-12“宝石路II”激光制导炸弹和1000磅重的GBU-32“联合直接攻击弹药”。F-35B在“黄蜂”号上垂直降落之前，还与扮演假想敌的靶机进行了模拟交战并将其击落。美海军陆战队第31远征队指挥官罗伯特·布罗迪上校称，训练显示美军“杀伤力和两栖能力得到增强”。,美海军陆战队F-35B隐形战机,“黄蜂”号两栖攻击舰
2130,《空军时报》11日称，2月5日，4架美国空军的CV-22“鱼鹰”倾斜旋翼机在越南岘港国际机场中转降落。“这是自越南战争结束以来，美国空军作战飞机首次出现在越南领土”。美空军部队新闻发言人勒妮·道格拉斯中尉证实，这些“鱼鹰”战机隶属于总部设在日本冲绳的美空军353特种作战大队，驻地位于东京横田空军基地。此行的目的是前往泰国参加“金色眼镜蛇-2019”国际联合军演，在岘港机场降落主要是进行中途加油，并进行为期1小时的中途休整。目前，这些“鱼鹰”已飞往泰国参加演习，该演习将在12日至23日展开。,CV-22“鱼鹰”倾斜旋翼机,越南岘港国际机场
2132,《舰载武器》杂志执行主编石宏12日告诉《环球时报》，美军在南海周边的小动作时间前后衔接、地点遥相呼应，它们之间是有联系、有计划、有指向的。美军频频进入南海搅局，就是为在已经平静的南海区域制造热点，恐吓、拉拢南海周边国家对抗中国。无论是把先进的F-35B隐形战机投入南海进行实地演训，还是故意在昔日对手越南进行中转加油降落，既有进行实地合练、展示军事优势、传递军事威慑的意义，同时也带有一定程度的前出布局指向。目前美国军舰到南海执行所谓“航行自由”行动，主要从新加坡樟宜基地、日本横须贺基地出发，到南海时已经“师老兵疲”，美海军多次抱怨“航行自由”行动成本太高，过度牵扯舰队精力，浪费军舰的发动机寿命。未来不能排除美国海军争取停靠越南港口、临近南海设立军事基地的可能性。▲（石留风）,F-35B隐形战机,越南
2134,【环球时报综合报道】据美国The Drive网站12日报道，英国海军正在研制“未来沿海攻击舰”。不过英国海军最终得到的可能不是全新的未来战舰，而是由民用船舶改装而来的“便宜货”。,英国海军,“未来沿海攻击舰”
2135,报道称，英国防务大臣嘉文·威廉姆森11日演讲时提到了“未来沿海攻击舰”的研制计划。这种新型舰艇具备传统两栖作战所需的一切：登陆艇、直升机甲板、大量人员的居住设施以及长期部署海外的能力。但它的最大特点却是“便宜”。为保证新航母得到足够的人力和资金支持，英国海军已经不得不考虑退役现有的两艘两栖攻击舰。面对如此窘迫的境遇，英军准备效仿美军“前进基地母舰”的做法，基于民用滚装船打造“未来沿海攻击舰”，以尽量节省建造成本和时间。据称，这种两栖舰艇可以装载多达400名海军陆战队员及其装备，宽大的甲板足以容纳直升机起降。威廉姆森甚至设想，英军可以组建两个以“未来沿海攻击舰”为核心的“低烈度作战特遣舰队”，分别部署于印度洋-太平洋与地中海地区，保持英军的长期海外存在。,英军,“低烈度作战特遣舰队”
2144,【环球网军事2月12日报道】据外国网友发布在国外社交媒体上的照片显示，在伊朗于2月10日举办的第8战术战斗机基地航空展上，发生了一次意外的“弹射”事故。从现场照片来看，一架进行地面展示的T-33A教练机座舱盖被弹射飞起的座椅顶穿。这名网友解释到，这是航展期间发生的一起离奇事故，一名8岁男孩进入这架教练机的驾驶舱后座进行体验，结果误启动了座椅的弹射程序，随着座椅在穿透座舱盖之后坠落在地，导致“多处骨折”。,第8战术战斗机基地航空展,“弹射”事故
2146,这架出事的T-33A教练机是一架早已退役的战机，已经不具备飞行能力，仅在地面进行静态展示，供观众进入座舱拍照留念。但诡异的是该机并没有拆除座椅的火箭弹射装置，也没有相应的保险措施，存在很大的安全隐患。伊朗在上世纪五六十年代向美国采购了大批的T-33A教练机，这种机型装备的是早期研制的火箭弹射座椅，其黄色弹射拉环手柄位于扶手两侧。但该机型并不具备零高度弹射的能力，在弹射时需要保证300多米以上的飞行高度才能确保安全开伞。,伊朗,T-33A教练机
2158,【环球网军事2月12日报道】俄罗斯卫星新闻通讯社2月12日报称，近期执行战略任务的里海舰队舰船将得到可靠的空袭防范保护，这些舰船将装备最新型的P-18RT雷达。,里海舰队舰船,P-18RT雷达
2159,报道称，P-18RT雷达是表现优异的P-18米波雷达的改型版本，该雷达能自动发现目标、测量坐标、确定目标属性并进行跟踪。此外，该雷达可以定位有源干扰器并将坐标发送给指挥部。系统含一个控制站、一台带天线桅杆的机器和一个供电站。雷达可在-40至+50度的温度区间工作。,P-18RT雷达,P-18米波雷达
2160,俄罗斯里海舰队拥有最先进的导弹舰，其中包括11661K型“鞑靼斯坦”号和“达吉斯坦”号导弹舰、21631型“格拉德·斯维亚日斯克”号、“乌格利奇”号、“大乌斯秋格”号小型导弹舰、12411型“Stupinets” 号导弹艇。苏联末期以来，舰队重要性降低，但当“口径”巡航导弹的运载舰被派往里海，一切都发生了改变。全世界都通过直播看见了“口径”全距离打击叙利亚恐怖分子设施。俄罗斯直观地演示了如何从境内打击敌人，无论敌人在中东和中亚的哪个角落，都伸手可及。,俄罗斯里海舰队,11661K型“鞑靼斯坦”号
2166,这份报告详细介绍了中俄的反卫星武器，包括电子战系统、定向能源武器，以及“动力”反卫星导弹等。报告称，北京和莫斯科都有可能寻求使用激光武器，以摧毁、弱化或损伤美国的卫星及其传感器。,中俄的反卫星武器,电子战系统
2175,【环球时报驻委内瑞拉特约记者 霍健癸 环球时报记者 杜海川 柳玉鹏 显扬】在委内瑞拉政治局势日益紧张的背景下，委内瑞拉总统马杜罗10日宣布，启动“2019年-安哥斯图拉200周年”军事演习。据委内瑞拉电视台VTV报道，本次演习是委内瑞拉史上规模最大的一次军演。舆论认为，委政府可能是希望通过本次演习展示自己的力量，回应西方国家的挑衅，同时向外界表明，军队与政府站在一起。,委内瑞拉总统马杜罗,“2019年-安哥斯图拉200周年”军事演习
2177,据俄罗斯卫星网11日报道，马杜罗10日在军演开幕式上表示，委内瑞拉需要参考以往的行动经验，对可能的军事威胁做出评估，必须为捍卫国家主权、领土完整和独立做准备。他同时称，委内瑞拉将投资购买先进武器，以使士兵、军人和民兵拥有现代化武器。马杜罗强调，加强国家军事力量的目的是为了维护和平，保护国家主权、领土完整和独立。他还警告美国领导人不要入侵委内瑞拉，并承诺一旦发生入侵，将让美帝国主义为此付出高昂代价。“今日俄罗斯”电视台认为，马杜罗此番表态显示出，他对华盛顿呼吁委内瑞拉政权更迭，以及大力支持反对派领导人瓜伊多的行为，可能升级为直接的军事入侵行动的担忧。在马杜罗宣布举行大规模军演前一天，瓜伊多对法新社表示，美国军事干预委内瑞拉局势“十分有争议”，但存在这种可能性。演习正式开始前，马杜罗还在委内瑞拉北部的米兰达州，检阅了军事装备，包括武装部队使用的俄制火箭发射器。,武装部队,俄制火箭发射器
2181,【环球时报驻埃及特派记者 曲翔宇】据路透社11日报道，为推动阿富汗政府与塔利班和谈，结束长达17年的战乱局面，美国代理防长沙纳汉当天突访阿富汗。这是沙纳汉去年12月担任美国代理防长以来，首次访阿。,美国代理防长沙纳汉,阿富汗
2184,另据俄罗斯卫星网11日报道，美国中央司令部司令、陆军上将沃特尔表示，美国可能会在最近几周内开始从叙利亚撤出地面部队。,美国,地面部队
2186,【环球时报记者 王盼盼 报特约记者 任重】11日上午，美国海军两艘军舰未经中国政府允许，擅自进入中国南沙群岛仁爱礁和美济礁邻近海域。中国外交部发言人华春莹当天表示，美方军舰有关行为侵犯中国主权，中方对此表示强烈不满和坚决反对，美方执意在南海挑起事端，这种做法不得人心。,美国海军两艘军舰,中国南沙群岛仁爱礁和美济礁邻近海域
2187,美国有线电视新闻网(CNN)11日报道称，美军当天派出“斯普鲁恩斯”号和“普雷贝尔”号导弹驱逐舰靠近南海争议岛屿，这一行为“必将引发北京的愤怒”。报道称，这两艘军舰驶入南沙岛礁12海里范围内，是美国海军“航行自由”行动的一部分。美国海军第七舰队发言人多斯对CNN表示，本次任务要挑战过度的海洋主张，并确保水道能在国际法保护下畅行无阻。他声称，美军所有的任务都符合国际法，旨在向外展示美方能在南海自由地航行、飞行和执行任务，再次确保航行自由。一名不愿透露姓名的美国官员称，这两艘军舰是在距离南沙群岛美济礁12海里范围内航行。,“斯普鲁恩斯”号和“普雷贝尔”号导弹驱逐舰,南海争议岛屿
2188,在11日下午的中国外交部记者会上，华春莹在被问及此事时说，中国海军依法对美舰进行识别查证，并予以警告驱离。美方军舰有关行为侵犯中国主权，破坏有关海域的和平、安全和良好秩序。中方对此表示强烈不满和坚决反对。,中国海军,美舰
2190,11日晚些时候，中国人民解放军南部战区新闻发言人李华敏大校也就美军舰擅闯我南沙岛礁邻近海域发表谈话。李华敏大校表示，美舰擅自进入南沙群岛邻近海域，南部战区组织海空兵力和守礁部队对美舰全程跟踪监视，并进行识别查证、警告驱离。美方所作所为，违反中国法律和相关国际法，侵犯中国主权，危害地区和平稳定。他说，中方敦促美方停止类似挑衅行动，战区部队将严密监控有关海空情况，根据需要采取必要措施，坚决捍卫国家主权和安全。,美舰,南沙群岛邻近海域
2191,路透社称，在中美关系紧张之际，美方这一举动可能惹恼北京。CNN称，这是今年美军舰第二次进行类似行动。上月7日，美国海军“麦克坎贝尔”号导弹驱逐舰曾靠近西沙群岛附近航行。中国外交部发言人当时表示，美舰有关行为侵犯中国主权，破坏有关海域的和平、安全和良好秩序，中方敦促美方立即停止挑衅行动。,“麦克坎贝尔”号导弹驱逐舰,西沙群岛
2194,【环球时报综合报道】俄罗斯《观点报》11日报道称，俄罗斯继续采取措施保护自己在北极地区的利益，步骤之一是大幅加强北方舰队的反破坏力量。俄罗斯国防部宣布，北方舰队在北极地区开始组建数支被称之为“作战蛙人”的反水下破坏分队，以保护在这一地区临时部署的舰船免遭海上和陆地的袭击。,北方舰队,反水下破坏分队
2195,这些分队将隶属于负责反水下破坏的北方舰队司令部。到今年2月，北方舰队已组建5支这样的分队。这些分队既可在水下作战，也可以在陆上作战。他们配备的枪械不仅可以在陆上使用，也可在水下使用。这些分队还装备高速汽艇（包括“猛禽”和“白嘴鸦雏”型快艇）、排雷设备以及用于搜寻和对抗水下破坏者的技术设备。他们的任务是从事水下反破坏活动，并控制海军基地附近的沿海地区，以防止破坏者可能发动的袭击。在苏联时期，海军曾组建有这样的分队，但后来被解散。新组建的每个分队约有60人。,分队,高速汽艇（包括“猛禽”和“白嘴鸦雏”型快艇）
2196,为什么俄扩大在北极的反破坏能力？这与该地区的局势有关直接联系。报道称，目前，多个国家在北极地区展开激烈竞争。近年来，北极海冰面积持续减少，这有望出现新的贸易航线。此外，冰面融化还为石油和贵重金属的开采提供了机会。在2020年俄罗斯国家安全战略中，该地区被宣布为主要战略利益区。目前，美国、加拿大和挪威等国都积极参与对北极地区的竞争。美国海军在北极寒冷地区培训第二和第五队“海豹”突击队，以便参与在北极的军事行动。除美国之外，挪威和丹麦也组建了在北极地区活动的特种分队。这些分队主要任务是从水下对敌人采取破坏活动，正是由于北约国家组建的这些水下破坏分队，俄北方舰队才组建数支反破坏分队。▲（柳玉鹏）,美国海军,第二和第五队“海豹”突击队
2199,【环球时报报道 特约记者 石留风】据英国《独立报》等媒体11日报道，继上月英国军舰在南海举行演习后，英国国防大臣又放出话，将派遣“伊丽莎白女王”号航母（如图）和F-35B舰载机到南海展示“硬实力”。,英国国防大臣,“伊丽莎白女王”号航母
2200,英媒称，英国国防大臣加文·威廉姆森周一在皇家三军联合研究所发表演讲时宣布，针对中俄等国“藐视国际法”的行为，英国未来“可能不得不进行干预”。英军新服役的“伊丽莎白女王”号航母及两个中队的F-35隐形战机，将前往太平洋争议海域，展示英国的“硬实力”。,“伊丽莎白女王”号航母,太平洋争议海域
2205,复旦大学海权专家马尧告诉《环球时报》记者，英国来南海搅局已经不是第一次了。去年，英国的23型护卫舰“萨瑟兰”号和“海神之子”号船坞登陆舰，就先后到南海维护所谓“航行自由”。但今天的英国既没有干涉南海的资格，更缺乏插手南海的实力。英国作为南海域外国家，派遣航母到南海秀肌肉，既没有法理依据，也缺乏合理诉求。这种无意义的蹭热点行为，消耗的是英国宝贵的防务预算，动用的是有限的海上军力，却挽回不了英国海军每况愈下的颓势。英国与其追随美国到南海搅局，还不如把相关费用投入到英国海军建设上去。,23型护卫舰“萨瑟兰”号和“海神之子”号船坞登陆舰,南海
2207,美国海军福特号航母是世界第一艘也是目前唯一一艘装备电磁弹射系统的航母,美国海军福特号航母,电磁弹射系统
2208,【环球网军事2月1日报道】中国海军第一艘服役的航母辽宁舰向来被视为训练舰，其采用的是滑跃式甲板起飞，但有香港媒体报道，如今北京正在考虑将辽宁家的滑跃起飞方试改为最先进的“电磁弹射系统”，以为舰载机提供最新的训练方式。,航母辽宁舰,“电磁弹射系统”
2209,据香港《南华早报》2月10日的报道，一名匿名的解放军退役海军官员透露，辽宁舰装上电磁弹射系统后，将成为解放军下一代航母003舰的舰载机驾驶训练平台。报道称解放军正加速提升航母战力，首艘国产航母002舰已经完成多次海试，而第3艘航母003舰，则将安装类似美国最新型核动力航母福特号上的电磁弹射系统。新系统将让舰载机得以搭载更多武器与燃料，扩大作战范围。,第3艘航母003舰,电磁弹射系统
2210,报道引用军事专家周晨鸣的话说，在造船专家发现辽宁舰具备兼容性后，对电磁弹射器进行改装的可能性增加。经过9个月的改装后，辽宁舰刚结束了在黄海为期一周的海试——这是它自2012年入役以来的首次重大升级。,辽宁舰,电磁弹射器
2212,另一方面，香港军事专家、凤凰卫视评论员宋忠平认为，由于成本问题，辽宁舰改装电磁弹射系统的机率微乎其微。“改装工作太广泛，也太复杂，”他说，“我不认为有必要执行这么棘手的计划。”,辽宁舰,电磁弹射系统
2214,【环球网报道 实习记者 任洁】3套“IGLA”便携式防空导弹系统、10枚导弹、两挺机关枪和1000多发子弹……这是乌克兰军队士兵因醉酒误用高射炮向军队仓库开火造成的损失。乌克兰顿涅茨克人民共和国民兵行动指挥部新闻处负责人丹尼尔·别兹索诺夫9日在 “第一共和党电视频道”上宣布了这一消息。,乌克兰军队,3套“IGLA”便携式防空导弹系统
2216,根据别兹索诺夫的说法，乌军队领导在事后清点武器时，发现残存的武器数量远远大于被烧毁的武器数量。残存的武器中还包括2000发7.62毫米口径的子弹、1000发5.45毫米口径的子弹和5个“Archer”红外线热成像仪。,残存的武器,5个“Archer”红外线热成像仪
2219,【环球网综合报道】据日本共同社2月11日报道，澳大利亚总理莫里森当地时间11日与法国海军造船局（原DCNS，法国国有船舶制造企业）签订订购合同，将同法国公司建立起战略伙伴关系，共同开发研制新一代潜艇。,法国海军造船局（原DCNS，法国国有船舶制造企业）,新一代潜艇
2221,澳大利亚目前拥有的6艘科林斯级潜艇服役时间较长，老化、故障等问题频发。澳政府计划与别国共同研发的12艘新潜艇将取代旧潜艇入列澳大利亚海军。（实习编译：马岩 审稿：王欢）,澳大利亚,6艘科林斯级潜艇
2224,据独立报称，英国皇家舰队旗舰“伊丽莎白女王”号航空母舰将搭载两个中队最先进的F-35B隐身战斗机前往中国南海，这片太平洋上的“争议水域”展示“硬实力”。威廉姆森将宣布，英国未来“可能不得不进行干预”，以对抗俄罗斯和中国等国的“侵略”，并指责这些国家“藐视国际法”，并且在重建武装力量方面正“卷土重来”。,英国皇家舰队旗舰“伊丽莎白女王”号航空母舰,F-35B隐身战斗机
2228,【环球网报道 记者 崔天也】春节后上班第一天，美国人又来“碰瓷”了。路透社11日援引美国官员的话称，两艘美国驱逐舰当日闯入我南沙美济礁12海里范围。今年1月7日，美国海军“麦克坎贝尔”号军舰未经中方允许，曾擅自进入中国西沙群岛领海。中方随即派出军舰军机依法对美舰实施查证识别，予以警告驱离。,两艘美国驱逐舰,南沙美济礁
2229,路透社11日没有在报道中透露闯入我南沙岛礁12海里的美军驱逐舰具体是哪两艘，但表示此举很可能激怒中国。美国有线电视新闻网(CNN)则透露，此次前往南海的是“斯普鲁恩斯”号驱逐舰和“普雷布尔”号驱逐舰。,“斯普鲁恩斯”号驱逐舰和“普雷布尔”号驱逐舰,南沙岛礁
2232,上个月7日，美国海军“麦克坎贝尔”号军舰未经中方允许，曾擅自进入中国西沙群岛领海。当时外交部发言人陆慷回应称，中方随即派出军舰军机依法对美舰实施查证识别，予以警告驱离并就此向美方提出严正交涉。美舰有关行为违反中国法律和相关国际法，侵犯中国主权，破坏有关海域的和平、安全和良好秩序。中方坚决反对美方有关行径，敦促美方立即停止此类挑衅行动。中方将继续采取必要措施捍卫国家主权和安全。,美国海军“麦克坎贝尔”号军舰,中国西沙群岛领海
2248,安东诺夫认为，美国选择公开与俄罗斯对抗的方式，这证明美国并非真正有兴趣维持条约，而是在寻求退出协议的借口。他表示，“我认为，这是显而易见的：美国决定退出《中导条约》，因为美国需要这种类型的导弹。”,美国,《中导条约》
2249,此前，美国外交官向俄方发出最后通牒，称俄罗斯必须摧毁违反条约的9M729导弹及其发射器等。安东诺夫称，“这不是外交手段。很难想象会有人试图将这样的决定强加给一个联合国安理会的常任理事国。”,俄罗斯,9M729导弹
2261,【环球网军事2月11日报道】波兰国防部长马里乌什·布拉夏克本2月10日宣布，波兰从美国手中购买20个射程达300公里的火箭发射器。,波兰,火箭发射器
2262,布拉夏克在华沙装甲坦克部队会议上说：“周三我们将同美国政府签订M142高机动性多管火箭系统（HIMARS）的供货合同。”,华沙装甲坦克部队,M142高机动性多管火箭系统（HIMARS）
2263,HIMARS是M142高机动性多管火箭系统。这种火箭系统能打击到射程在300公里的目标。发射装置安装在轻型装甲车上。布拉夏克称，波兰将支付4.14亿美元用来购买20个带弹药的火箭发射器。,HIMARS,M142高机动性多管火箭系统
2269,科罗琴科指出，“欧洲需要首先思考一下，如何避免成为回击的靶子”。他解释称：“欧洲目前应自我救赎，俄罗斯对关系恶化不感兴趣。而且，我们已开始研制新的系统，我们已声明，在欧洲人未在自己那里部署美国系统前我们不会部署它们。因此，一切掌握在欧洲手中。”美国总统特朗普上周表示，华盛顿2月2日起开始启动退出《中导条约》的程序。国务卿迈克·蓬佩奥表示，“如果俄罗斯在6个月期限内不能充分地、可核查地重新遵守条约规定”，那么这项条约将被废除。,华盛顿,《中导条约》
2270,普京2月2日在会见俄外长拉夫罗夫与国防部长绍伊古时表示，针对美国退出《中导条约》的做法，俄罗斯将采取对等回应措施，也将暂时退出这一条约。普京指出，俄罗斯不应也不会卷入耗资巨大的军备竞赛。他还说，俄方就裁军问题提出的所有建议摆在桌面上且谈判大门仍就敞开着，但他要求未来不要再提议就此问题举行会谈。,美国,《中导条约》
2272,“中国海警”微信公号2月11日消息，当天，中国海警2501舰艇编队在我钓鱼岛领海内巡航。,中国海警2501舰艇编队,钓鱼岛领海
2275,马杜罗乘坐中国制造的两栖战车视察,马杜罗,两栖战车
2276,【环球网军事2月11日报道】据俄罗斯卫星通讯社2月11日报道，委内瑞拉总统马杜罗10日宣布，“2019年-安哥斯图拉200周年”军事演习开始，这是委内瑞拉历史上规模最大的一次军演。,委内瑞拉,“2019年-安哥斯图拉200周年”军事演习
2280,中新网2月11日电 据俄罗斯卫星网报道，当地时间10日，委内瑞拉总统马杜罗宣布启动“2019年-安哥斯图拉200周年”军事演习，这是委内瑞拉历史上规模最大的一次军演。,委内瑞拉,“2019年-安哥斯图拉200周年”军事演习
2282,报道称，马杜罗在不久前的一次讲话中曾表示，这是委内瑞拉200年间最大规模的军演，国家武装部队和民兵参加此次演习。他表示，委内瑞拉需要参考以往的行动经验，对“可能的军事威胁”做出评估。,国家武装部队和民兵,演习
2287,此前斯托尔滕贝曾表示，北约并未期望北约盟国作为对围绕中导条约局势的回应，在欧洲部署更多核武器。美国总统特朗普上周表示，华盛顿2月2日起开始启动退出《中导条约》的程序。国务卿蓬佩奥表示，“如果俄罗斯在6个月期限内不能充分地、可核查地重新遵守条约规定”，那么这项条约将被废除。,华盛顿,《中导条约》
2288,普京2月2日在会见俄外长拉夫罗夫与国防部长绍伊古时表示，针对美国退出《中导条约》的做法，俄罗斯将采取对等回应措施，也将暂时退出这一条约。普京指出，俄罗斯不应也不会卷入耗资巨大的军备竞赛。他还说，俄方就裁军问题提出的所有建议摆在桌面上且谈判大门仍旧敞开着，但他要求未来不要再提议就此问题举行会谈。,美国,《中导条约》
2293,北约国家在与俄罗斯就乌克兰问题存在分歧的背景下宣布了扩大在欧洲军事活动的一系列举措，包括加强快速反应力量，增加美军数量，大幅扩大演习和巡逻计划以及增加国防开支。俄罗斯称，北约在其边界附近前所未有地扩大活动。莫斯科一再表示，俄罗斯不会对任何人、任何国家构成威胁，但不会无视对其利益有潜在危险的行动。,北约国家,欧洲军事活动
2295,【环球网军事2月11日报道】据俄罗斯卫星新闻2月9日报道，美国常驻北约代表处发表声明称，美国认为，陆基“宙斯盾”反导系统完全符合《中导条约》规定的义务，因为它没有发射“战斧”巡航导弹所需要的进攻能力和基础设施。,陆基“宙斯盾”反导系统,“战斧”巡航导弹
2296,此前，俄罗斯国防部提议销毁部署在陆上发射“战斧”巡航导弹的美国设施，以重返《中导条约》。,俄罗斯国防部,“战斧”巡航导弹
2297,声明称：“陆基‘宙斯盾'反导系统完全符合《中导条约》规定的义务。该系统只能发射防御性拦截导弹，如SM-3。”常驻代表处表示，拦截导弹SM-3不受《中导条约》的约束。美方认为：“陆基‘宙斯盾'系统从来未具备、发射或测试发射违反《中导条约》的导弹。因此，该系统不是受禁止的发射装备。”,陆基‘宙斯盾'反导系统,《中导条约》
2299,【环球网军事2月11日报道】据俄罗斯卫星新闻通讯社2月10日报道，俄罗斯国防工业综合体的消息人士本周日称，俄罗斯将在2019年夏天开始“波塞冬”水下无人机的工厂运行试验。,俄罗斯,“波塞冬”水下无人机
2301,俄罗斯总统普京在去年3月份俄罗斯联邦会议上的国情咨文中首次通报了俄罗斯建造核动力水下无人机的消息。普京指出，这些无人机可能装备普通的弹药或者装备核弹药，这些无人机将能摧毁敌人的基础设施和航空母舰。根据此前公布的消息，“波塞冬”将获得洲际距离和超过1公里的工作深度。,俄罗斯,核动力水下无人机
2303,【环球网军事2月11日报道】俄罗斯卫星通讯社2月11日报道，美国中央司令部司令、陆军上将约瑟夫·沃特尔表示，美国可能会在最近几周内开始从叙利亚撤出美军地面部队。沃特尔同时指出，驻伊拉克美军人数总体上不变。,美国,美军地面部队
2304,《华尔街日报》此前援引美国政府消息人士的话报道，如果白宫政策没变，军方将在3月中旬之前从叙利亚撤出大部分美军，全面撤军将在4月底完成。,军方,大部分美军
2308,【环球时报报道 记者 郭媛丹】巴基斯坦《民族报》10日刊登的一篇报道称，中国将向巴基斯坦出售中国首艘、也是唯一在列的航母辽宁舰。该消息据称来自中国媒体及俄罗斯媒体，但据《环球时报》记者了解，该消息实属以讹传讹、子虚乌有。,中国,航母辽宁舰
2309,《民族报》称，根据中俄媒体9日的报道，辽宁舰将以不确定的价格出售给巴基斯坦，此举将使巴基斯坦比印度更具竞争力。《环球时报》记者发现，这篇标题唬人的报道实际存在诸多不实之处。比如该报道声称中国海军计划建造6艘核动力航母，并取代辽宁舰。但事实上中国从未公布过类似计划，目前中国官方对外公开的航母建造计划，只有正在大连造船厂的首艘国产航母。,中国海军,6艘核动力航母
2310,上述报道中提及的中国媒体指向《南华早报》，但《环球时报》记者在该报官方网站并未检索到相关报道。《民族报》采用的另一消息源是俄罗斯媒体“今日俄罗斯”，《环球时报》记者发现，“今日俄罗斯”的报道引用的是美国著名防务网站“海军聚焦”6日刊登的一篇报道。该报道声称，中国媒体“分别披露了”中国将升级辽宁舰、并将其卖给巴基斯坦的消息。然而“海军聚焦”的报道不仅没有确凿证据，还前后矛盾。该报道称，“辽宁舰于2012年9月入列，届时将为中国海军服务约18年”，似乎暗示中国将在2030年出售辽宁舰。但报道随后又明确提出，“辽宁舰将在2020年之前出售给巴基斯坦”。,中国,辽宁舰
2311,辽宁舰的前身是苏联海军的库兹涅佐夫元帅级航空母舰次舰瓦良格号，20世纪80年代中后期，瓦良格号的建造工程中断。随后中国购买瓦良格号，继续建造改进。2012年9月25日，辽宁舰正式入列中国海军。截至目前，辽宁舰是中国唯一在列的航母，主要用途是科研试验和训练。,辽宁舰,苏联海军的库兹涅佐夫元帅级航空母舰次舰瓦良格号
2314,据俄罗斯卫星通讯社报道称，俄罗斯总统普京下令解除强力机构9名将军的职务。俄罗斯法律信息官方网站刊登了这份命令。,俄罗斯总统普京,强力机构9名将军
2317,据俄罗斯卫星网2月9日报道称，俄罗斯技术国家集团旗下的“俄罗斯国防出口”公司和“高精综合系统”科学生产联合企业首次在国外组织展示“铠甲-МЕ”舰载防空导弹和高射炮综合系统。首次国外展示将于2月18日至19日在2019年阿布扎比国际防务展框架下举行。,俄罗斯技术国家集团,“铠甲-МЕ”舰载防空导弹和高射炮综合系统
2319,“铠甲-МЕ”舰载防空导弹和高射炮综合系统可以安装在排水量在300吨以上的舰艇上。它确保可靠保护舰艇免受各类现有和未来即将出现的空袭武器(其中包括低飞反舰导弹和无人机)的袭击。这是由“铠甲-МЕ”舰载防空导弹和高射炮综合系统的高级战术技术特性决定的。KB仪表制造公司海上高射综合系统主要设计师亚历山大?茹科夫在接受俄罗斯卫星通讯社和广播电台的专访时介绍说：,300吨以上的舰艇,“铠甲-МЕ”舰载防空导弹和高射炮综合系统
2320,“在‘铠甲-МЕ’舰载防空导弹和高射炮综合系统中采用的是射击距离高达20公里的高射导弹，它能够命中高度从5米到1.5万米内的目标。而对于近程(从3000米到300米)漏网目标，它能够自动开始‘运行’30毫米直径的速射炮。该系统由指挥舱和4个战斗舱组成。在指挥舱中设有搜索与目标指示站，能够伴随最多100个目标。那里还有带相控天线阵的多功能引导和跟踪雷达、带热视和电视渠道的光学系统、激光测距仪和光学定位仪。所有这一切都有助于在昼夜任何时间、任何天气，以及在敌方释放任何可能干扰的条件下一定命中目标。每个战斗舱的弹药基数可以用弹射击8个目标，用高射炮中射击8个目标。一个‘铠甲-МЕ’舰载防空导弹和高射炮综合系统足够一个大型舰艇的对空防御之用。而在(排水量在300到500吨的)小型舰艇上只能容下战斗舱，而为了发现目标，伴随目标，把数据传送给导弹和速射炮，需要使用全舰站。”,‘铠甲-МЕ’舰载防空导弹和高射炮综合系统,高射导弹
2351,近日，南部战区海军远海联合训练编队破浪疾驰，一场实战化背景下的临检拿捕演练拉开了序幕。演练背景是，某不明商船(由洪湖舰模拟)疑似运送违禁物品，合肥舰、长白山舰奉命对可疑商船进行临检拿捕。,合肥舰、长白山舰,可疑商船
2353,不多时，在舰机协同配合下，可疑商船被迅速锁定。长白山舰通过甚高频向可疑商船喊话，令其停车配合查证。,长白山舰,可疑商船
2355,此时，合肥舰严阵以待，主副炮瞄准目标，舱面火力支援组也已就位。随后，舰上发射1枚信号弹，向可疑商船进行警告射击，对方仍不予理睬，并加速逃窜。,合肥舰,1枚信号弹
2357,“砰!砰”，在喊话和警告射击未果后，合肥舰又发出2枚信号弹，模拟实施拦阻射击。此时，可疑商船终于放弃“抵抗”，减速停车。,合肥舰,可疑商船
2358,“直升机前出，准备对可疑商船实施登临检查!”行动命令下达后，长白山舰直升机搭载着十余名特战队员快速出击，在空中和舱面火力掩护下，迅速索降至可疑商船后甲板上。,长白山舰直升机,十余名特战队员
2436,本报巴基斯坦卡拉奇2月7日电 特约记者薛成清、通讯员顾亚根报道：当地时间7日上午，由两栖船坞登陆舰昆仑山舰和综合补给舰骆马湖舰组成的998舰艇编队抵达巴基斯坦卡拉奇港，参加代号为“和平-19”的多国海上联合军事演习。,两栖船坞登陆舰昆仑山舰和综合补给舰骆马湖舰组成的998舰艇编队,巴基斯坦卡拉奇港
2437,巴基斯坦海军在卡拉奇港举行了隆重的欢迎仪式，中国驻卡拉奇总领事王愚率使领馆工作人员，中资机构和巴基斯坦华人华侨代表等到码头迎接。,巴基斯坦海军,欢迎仪式
2438,“和平-19”多国海上联合军演于2月8日至12日在巴基斯坦卡拉奇及其附近海域举行。演习由巴基斯坦海军倡导组织，旨在促进各参演国海上交流协作，以共同提升应对海上安全威胁的能力。中国、美国、英国、意大利、澳大利亚、马来西亚、斯里兰卡、土耳其和阿曼等国派出舰艇、飞机、特种部队参加，另有巴西等45个国家派观察员观摩。此次联演分为港岸阶段和海上阶段。港岸阶段主要包括召开国际海事研讨会议、反恐反海盗演示、轻武器射击训练和防卫作战演练等，期间还将组织军事研讨交流和文体比赛等多项活动;海上阶段将进行主炮对海实弹射击、反恐反海盗、国际阅舰式等多个科目的演习。,巴基斯坦海军,“和平-19”多国海上联合军演
2439,自2007年以来，中国海军舰艇先后6次赴巴基斯坦参加“和平”系列多国海上联合演习。此次联演，中方参演舰艇全部来自第31批护航编队。,中国海军舰艇,“和平”系列多国海上联合演习
2500,俄罗斯国防部长谢尔盖·绍伊古5日下令研发两套新的陆基导弹发射系统，以回应美方退出《中导条约》、开发新导弹系统。,俄罗斯国防部长谢尔盖·绍伊古,新的陆基导弹发射系统
2501,绍伊古5日与国防部官员开会，提及美国2日起暂停履行《中导条约》义务、着手研发新型陆基导弹。“导弹射程超过500公里，超出条约限制。(弗拉基米尔·)普京总统已向国防部下达任务，采取相应举措。”,俄罗斯国防部长谢尔盖·绍伊古,新的陆基导弹发射系统
2503,普京2日说，美方已经明确表明将开始研究、开发和设计新导弹系统，俄方同样会这么做。按普京的说法，俄方两套新陆基导弹发射系统将分别用于发射“口径”巡航导弹和远程超音速导弹。,俄方两套新陆基导弹发射系统,“口径”巡航导弹和远程超音速导弹。
2524,据俄罗斯卫星网报道称，俄罗斯军事技术合作局局长舒加耶夫向记者表示，俄罗斯将在2019年秋季之前向土耳其供应S-400防空导弹系统。,俄罗斯,S-400防空导弹系统
2527,舒加耶夫补充道，除了中国、土耳其和印度之外，还有大约10个国家期待获得S-400系统。,10个国家,S-400系统
2529,"俄罗斯卫星通讯社莫斯科2月6日电 俄罗斯国防部发布消息指出，俄在普列谢茨克发射场试射一枚""亚尔斯RS-24""洲际弹道导弹。",普列谢茨克发射场,亚尔斯RS-24洲际弹道导弹
2530,"消息中显示：""莫斯科时间2月6日11时31分(北京时间16时31分)，从普列谢茨克发射场试射一枚携带分导弹头的机动式""亚尔斯RS-24""固体燃料洲际弹道导弹。""",普列谢茨克发射场,"携带分导弹头的机动式""亚尔斯RS-24""固体燃料洲际弹道导弹"
2531,国防部指出，导弹准确命中位于远东堪察加半岛库拉靶场的预定目标。试射任务圆满完成。,导弹,位于远东堪察加半岛库拉靶场的预定目标
2535,报告写道，到2020年，法国将在经历半个世纪后首次有望超过俄罗斯，成为全球第二大武器出口国。报告称：“向印度和卡塔尔出口‘阵风’(Rafale)战斗机是法国武器出口增长的主要原因。此外，在中东市场的持续成功以及直升机出口范围的扩大也是推动市场变化的重要因素。”报告作者预测，到今年年底，法国武器出口将增至70亿美元。,法国,‘阵风’(Rafale)战斗机
2560,作为某型国产护卫舰列装首舰，徐州舰曾在护航中为2000多名同胞开辟安全通道，创下中国海军首次为撤离海外受困人员船舶护航的佳绩，荣立一等功。,徐州舰,安全通道
2561,离开徐州舰，记者又踏上了湘潭舰。2016年2月列装的湘潭舰，列装仅43天就参加了中国海军第二十三批护航编队，赴亚丁湾、索马里海域执行护航任务，“真正实现了战斗力由训练生成向任务生成。”,湘潭舰,中国海军第二十三批护航编队
2606,印度一家飞行培训机构的一架教练机5日在该国西部马哈拉施特拉邦浦那市附近坠毁，飞行员在事故中受伤。,一架教练机,马哈拉施特拉邦浦那市附近
2608,这是一周来印度境内发生的第二起坠机事故。1日，印度空军一架教练机在卡纳塔克邦班加罗尔市附近坠毁，机上两人丧生。,印度空军一架教练机,卡纳塔克邦班加罗尔市附近
2621,俄罗斯国防部长谢尔盖·绍伊古表示，必须在2019年至2020年研制海基版“口径”远程巡航导弹的陆基版，这段时间内还应该研制成高超音速远程导弹系统。,俄罗斯国防部,海基版“口径”远程巡航导弹的陆基版
2622,美国总统特朗普20日宣布，俄罗斯正在违反《中导条约》，所以美国不打算遵守该条约，并计划退出。他就此发表评论时说，华盛顿将发展武器。俄总统新闻秘书佩斯科夫表示，俄罗斯希望美方就退出《中导条约》计划给出更详细的解释。他还说，如果《中导条约》破裂，迫使俄罗斯采取措施保障自身安全。俄外长拉夫罗夫也称，这一领域有作用力就有反作用力。,俄罗斯,《中导条约》
2624,【环球网军事2月6日报道】俄罗斯卫星通讯社2月5日报道，俄罗斯国防部发布消息，俄空天军列宁格勒州防空导弹部队训练中心将于2019年接装首套S-350“勇士”防空导弹系统。,俄空天军列宁格勒州防空导弹部队,首套S-350“勇士”防空导弹系统。
2625,消息中说：“2019年，首套S-350“勇士”防空导弹系统将交付给俄罗斯空天军。接装单位将是俄空天军列宁格勒州防空导弹部队训练中心。官兵将接受新型武器操控培训”。,首套S-350“勇士”防空导弹系统,俄罗斯空天军
2626,S-350“勇士”防空导弹系统包括一体化发射车及平板相控阵雷达车和指挥车，该系统配备有用于S-400系统的中短程防空导弹。,S-350“勇士”防空导弹系统,一体化发射车及平板相控阵雷达车和指挥车
2631,专家指出，如果美国在东欧部署武器系统，俄罗斯进行预防性打击的可能性将大大增加，这不是美国所愿意接受的。,美国,武器系统
2637,据阿纳多卢通讯社发布的视频，卡车运输的发电机将用于为美军驻叙基地供电或建造新的基地。,卡车运输的发电机,美军驻叙基地
2638,美国主导的国际联军从2014年起在叙利亚和伊拉克境内开展打击国际恐怖组织“伊斯兰国”的行动，其在叙利亚的行动并未得到当局同意。美国总统特朗普2018年底宣布，美国将从叙利亚撤军，但没有说明最终期限。,美国主导的国际联军,打击国际恐怖组织“伊斯兰国”的行动
2649,美国国务院1日宣布，美国将于2日起暂停履行《中导条约》义务，启动退约程序。美国国务卿蓬佩奥说，由于俄罗斯长期违反《中导条约》的规定，美方将暂停履行条约义务，启动为期6个月的退约程序。,美国,《中导条约》
2653,俄罗斯国防部长绍伊古30日说，升级后的图-160M战略轰炸机将于2021年开始列装俄罗斯军队。,俄罗斯军队,图-160M战略轰炸机
2654,塔斯社援引绍伊古的话报道说，俄罗斯对图-160系列轰炸机升级工作正在按计划进行，第一批完成升级改造的图-160M战略轰炸机将在2021年列装，目前位于喀山的飞机制造厂已开始相关工作。,俄罗斯,图-160系列轰炸机
2655,绍伊古说，图-160M将配备最新的机载防御系统、抗干扰通信系统和独特的武器系统，可携带常规武器和核武器，该机型配备的NK-32型发动机将为图-160M提供更强劲的飞行动力。,图-160M,最新的机载防御系统
2656,图-160轰炸机是苏联图波列夫设计局研制的可变后掠翼超音速远程战略轰炸机。据俄罗斯媒体此前报道，2015年俄军方决定对这款轰炸机进行升级改造，升级后的图-160M战略轰炸机一次加油续航里程可达12000千米，搭载弹药40吨。升级后的图-160M除机身外观与图-160一样外，其核心部件将被彻底更换。（马晓成）,图-160轰炸机,可变后掠翼超音速远程战略轰炸机
2660,美国总统特朗普上周表示，华盛顿2月2日起开始启动退出《中导条约》的程序。国务卿迈克·蓬佩奥表示，“如果俄罗斯在6个月期限内不能充分地、可核查地重新遵守条约规定”，那么这项条约将被废除。,华盛顿,《中导条约》
2665,俄罗斯驻坎特军事基地是集体安全条约组织集体快速反应部队的空军基地，同时其部队确保集安组织成员国领空安全。该基地装备有苏-25攻击机和米-8直升机。,俄罗斯驻坎特军事基地,苏-25攻击机和米-8直升机
2667,【环球网军事2月5日报道】俄罗斯卫星通讯社2月4日报道，土耳其总统发言人易卜拉欣·卡林对媒体表示，安卡拉对美俄两国退出《中导条约》深表不安，土方呼吁两国就此问题进行谈判。,美俄两国,《中导条约》
2668,他说：“美俄退出《中导条约》，这让土耳其感到担忧。现在美国和俄罗斯相互指责是对方首先违反了该条约。这很危险，可能会引发新一轮的军备竞赛。如果需要对条约内容进行更新或者修改，美俄双方应就其展开讨论，进而形成统一立场并照章行事。”,美俄,《中导条约》
2670,美国总统特朗普上周表示，华盛顿2月2日起开始启动退出《中导条约》的程序。国务卿迈克·蓬佩奥表示，“如果俄罗斯在6个月期限内不能充分地、可核查地重新遵守条约规定”，那么这项条约将被废除。,华盛顿,《中导条约》
2671,普京2月2日在会见俄外长拉夫罗夫与国防部长绍伊古时表示，针对美国退出《中导条约》的做法，俄罗斯将采取对等回应措施，也将暂时退出这一条约。普京指出，俄罗斯不应也不会卷入耗资巨大的军备竞赛。他还说，俄方就裁军问题提出的所有建议摆在桌面上且谈判大门仍就敞开着，但他要求未来不要再提议就此问题举行会谈。,美国,《中导条约》
2678,【环球网军事2月5日报道】俄罗斯卫星通讯社2月5日报道，美国哈姆莱大学政治学教授大卫·舒尔茨（David Schultz）向卫星通讯社表示，《中导条约》的破裂可能引发新一轮军备竞赛，或者导致俄美在欧洲大规模部署核武器。,俄美,核武器
2709,【环球网军事2月4日报道】俄罗斯卫星新闻通讯社2月3日报道，俄罗斯无线电电子技术公司（隶属于俄罗斯技术国家集团公司）新闻处表示，该公司开始向俄罗斯海军交付可令敌军“失明”的“雕鸮”5P-42视觉光学干涉站。,俄罗斯无线电电子技术公司（隶属于俄罗斯技术国家集团公司）,“雕鸮”5P-42视觉光学干涉站
2710,该设备已安装在“戈尔什科夫海军上将”号护卫舰（于2018年交付海军）和“卡萨托诺夫海军上将”号护卫舰（正处于工厂测试阶段）上。每艘各装备两套“雕鸮”系统。此外，还有两艘正在“北方造船厂”建造之中的22350型护卫舰也将安装这一设备。,22350型护卫舰,“雕鸮”系统
2711,“雕鸮”光学干涉站由“积分”试验厂（隶属于俄罗斯无线电电子技术公司）研制，是一款用于夜间和黄昏时分抑制枪械及打击水面舰艇和快艇使用的近战武器的视觉光学观察和瞄准系统。,“积分”试验厂（隶属于俄罗斯无线电电子技术公司）,“雕鸮”光学干涉站
2714,【环球网军事2月4日报道】俄罗斯卫星通讯社2月2日报道，俄罗斯专家表示，新的陆上高超音速中程导弹可以在“匕首”武器系统基础上加以建造，这项工作不需要大笔支出。,“匕首”武器系统,新的陆上高超音速中程导弹
2715,俄罗斯总统普京2月2日在会见俄外长拉夫罗夫与国防部长绍伊古时表示，针对美国退出《中导条约》的做法，俄罗斯将采取对等回应措施，也将暂时退出这一条约。普京指出，俄罗斯不应也不会卷入耗资巨大的军备竞赛。此外，他采纳了俄国防部长绍伊古的建议，同意让“口径”海基巡航导弹“登陆”，启动陆基中程高超音速导弹建造工程。,俄罗斯,陆基中程高超音速导弹建造工程
2716,曾参与制定中导条约的国防部国际条约局前局长叶夫根尼·布任斯基中将认为，可以将目前配置在米格-31K歼击机上的空基“匕首”导弹进行改进。,米格-31K歼击机,空基“匕首”导弹
2723,【环球网军事2月4日报道】据俄罗斯卫星新闻通讯社2月3日报道，伊朗伊斯兰革命卫队副司令侯赛因·萨拉米表示，欧洲不应试图剥夺伊朗发展导弹的权利。,伊朗,导弹
2724,萨拉米说：“如果欧洲人或其他任何人想要编造阴谋迫使伊朗放弃发展导弹，我们就将被迫做出战略突击。”他表示，伊朗“在发展导弹射程方面没有阻碍和技术障碍”。,伊朗,导弹射程
2725,美国和一系列西方国家批评伊朗发展导弹计划，认为这违反了联合国安理会决议。德黑兰则表示，完全有权研制这种武器。,伊朗,导弹
2726,西方媒体提醒，伊朗此前自愿同意将本国导弹射程限制在2000公里以内，但这一射程足以到达美国位于中东和以色列的基地。伊朗国防部长阿米尔·哈塔米此前宣布成功试射新型巡航导弹，击中1200公里外目标，导弹射程达到1350公里。,伊朗,新型巡航导弹
2728,【环球网军事2月4日报道】据《法兰克福汇报》2月3日报道，德国联邦议院建议俄罗斯在乌拉尔山脉以外部署新型的9M729导弹，因为这样的解决方案有助于挽救《中导条约》。,俄罗斯,新型的9M729导弹
2730,穆特岑尼赫专门指出，由于北约越来越密集地部署反导系统，令俄罗斯担心自己可能无法进行报复性打击。,北约,反导系统
2731,此外，议员们还强调，作为对美国在罗马尼亚做法的回应，俄罗斯会检查自己的拦截导弹。,俄罗斯,拦截导弹
2732,此前，俄罗斯总统普京称，俄罗斯会对美国退出《中导条约》作出对等回应。普京称，俄罗斯不打算卷入军备竞赛。普京还补充称，所有裁减军备的提案“都还在桌面上，大门是敞开的”。,美国,《中导条约》
2733,昨天，俄罗斯防长谢尔盖·绍伊古建议开始在地面上使用“口径”海基导弹发射器和建造中短程高超音速弹道导弹地面系统的工作。据他介绍，这将是俄罗斯对美国研发实际上已经违反了《中导条约》规定的导弹的回应。,俄罗斯,“口径”海基导弹发射器
2734,美国从2月2日起开始了退出《中导条约》的程序。“如果俄罗斯没有恢复遵守协议，销毁自己的所有导弹、发射器和违反条约规定的相关设备”，那么这个退出过程将在半年后完成。美国领导层称，俄罗斯的9M729导弹违反条约条款。,美国,《中导条约》
2742,1月11日，美国代理国防部长帕特里克·沙纳汉批准了此次军事部署，部署将持续90天。2018年10月，五角大楼首次批准向墨西哥边境部署现役部队;11月，中期选举紧随其后。,五角大楼,现役部队
2746,美国政府高级代表1日表示，美国计划在欧洲部署的中程导弹将不携带核弹头。美俄可供部署的现成导弹有哪些呢？《中导条约》只禁止了最大射程为500到5500公里的陆基弹道导弹和巡航导弹，却没有限制海基和空基导弹的研制，美俄双方都抓住了这个漏洞。美国海空军不少巡航导弹都在《中导条约》涵盖的限制范围内，例如美海军“战斧”巡航导弹射程为1500公里;空军AGM-86C空射巡航导弹射程超过1000公里，新研制的AGM-158B“联合防区外空地导弹”射程也接近1000公里。,美国,中程导弹
2747,美军的这些导弹理论上都能发展陆基型号，尤其是美国在欧洲部署的“陆基宙斯盾”反导系统兼容“战斧”巡航导弹，只需要将后者装填入垂直发射系统，实际就已完成陆基中程巡航导弹的部署，甚至不需要对“战斧”进行任何改装。俄外长拉夫罗夫2日表示，美国2014年在欧洲部署的反导系统垂直发射装置直接违反《中导条约》，当前罗马尼亚已经部署了该装置，美军还计划在波兰部署。而空基巡航导弹只需要增加一款助推器，略微改进弹体和弹翼，也能很快将其改为陆基巡航导弹。,美国,“陆基宙斯盾”反导系统
2748,至于《中导条约》限制的弹道导弹，美国也早有准备。据俄卫星网1日报道，俄副外长谢尔盖·里亚布科夫透露，俄方早已发现美国借口测试反导系统，却在悄悄研制中程弹道导弹。“美国测试反导系统时会发射中程弹道导弹作为靶弹，但经常并不拦截，只是使用雷达对该导弹进行追踪。这些遥测数据可以用来完善美国的中程弹道导弹。”,美国,中程弹道导弹
2749,俄罗斯的情况也与美国类似，海基“口径”系列巡航导弹和空基的Kh-55和Kh-101巡航导弹都可以改装为陆基型号，最直接的方法是为“口径”巡航导弹配备发射车，或者修改现有发射车设计，将“口径”巡航导弹配备到“伊斯坎德尔”系统中去。俄总统普京2日已经采纳俄防长绍伊古的建议，同意让“口径”海基巡航导弹“登陆”。该导弹的射程约为2500公里，2015年10月7日首次在叙利亚投入实战。,“伊斯坎德尔”系统,“口径”巡航导弹
2751,显而易见的是，如果美俄当真退出《中导条约》，双方陆基中远程导弹的研制必然会加速。被《中导条约》束缚已久的美国陆军早就希望采用全新的技术武装自己的导弹库。美陆军认为，同海空军相比，陆军中远程火力平台可以隐藏在地下或公路隧道，战场隐蔽性更强，使用更廉价。此外，这将使美陆军从过去给海空军打下手的角色，提升为平起平坐的协作伙伴。,美俄,《中导条约》
2752,早在美国声称退出《中导条约》之前，美陆军就已启动新型中程导弹的研制计划。据美国《防务快讯》网站去年9月报道，美陆军正在发展一种射程达1000英里的新型中程高超音速导弹，该导弹可以摧毁敌军指挥所等关键目标。此外，美陆军还在“远程精确火力”项目下发展另一种战略远程火炮，它使用低成本的“超音速炮射导弹”，射程也达到1000英里。,美陆军,新型中程高超音速导弹
2753,美国《航空周刊与空间技术》网站提到，美国陆军计划在2022年前列装“远程高超音速”导弹。按照美军对弹道导弹标准的界定，“远程”导弹射程不超过5500公里，意味着该导弹应该也在《中导条约》的限制范围内。,美国陆军,“远程高超音速”导弹
2754,相比之下，除了西方所谓“射程超过2000公里的9M729巡航导弹”，俄罗斯此前还没有公开的新型陆基中远程导弹计划。这更多是因为俄罗斯在美国附近缺少基地，想从俄本土直接攻击美国，就必须发展洲际射程的导弹，俄军去年公布的“先锋”高超音速导弹和“海燕”核动力巡航导弹均属此列。不过对于已经掌握相关技术的俄罗斯而言，研制一款全新的中程高超音速导弹也并非难事。俄卫星网称，普京2日同意启动陆基中程高超音速导弹建造工程，“两年内就会得到样本导弹”。,俄军,“先锋”高超音速导弹和“海燕”核动力巡航导弹
2757,不过美军对于发展新一代陆基高超音速中远程导弹却有更大兴趣。陆基导弹不像海空军那样对导弹体积有苛刻的限制，因此它可以携带更大的战斗部，速度也比较快，突防能力就更强。当年美苏签署《中导条约》时，对苏联威胁最大的导弹是“潘兴II”中程弹道导弹。这种导弹精度非常高，而且给苏联预警系统留下的反应时间短，甚至可以摧毁莫斯科的地下加固指挥所。如果美国发展新型的远程高超音速武器系统，其准确性更高、更难以拦截，对俄罗斯等大国构成更大威胁。▲(本报特约记者 章 节 本报记者 马 俊),美军,新一代陆基高超音速中远程导弹
2759,【环球网军事综合报道】美国国务卿蓬佩奥2月1日宣布，美将从2日起暂停履行《中导条约》，同时启动为期半年的退出条约程序。俄罗斯总统普京2日表示，俄作为回应也暂停执行《中导条约》，并不会再首先提出削减武器的建议。普京还说，由于美国正在进行(新武器)研发和试验设计工作，俄罗斯也将采取相应行动。,美,《中导条约》
2762,美苏当年在冷战后期达成一系列军控协议，不仅一定程度上抑制了军备竞赛，而且产生了安抚人心的政治效果。美国退出《中导条约》将让整个人类对21世纪的预期产生一个重大消极参数。,美国,《中导条约》
2769,对中国来说，最直接的负面影响可能有两个。一是华盛顿已经动了将美俄《中导条约》多边化的念头，这种念头有可能成为美向中国施压新的动因。二是美失去条约约束后，估计会变本加厉地在中国周边部署攻击性导弹力量和反导系统，进一步增加中国战略安全的挑战。,美,攻击性导弹力量和反导系统
2773,埃及军方发言人塔梅尔·里法伊在声明中说，根据国家安全部门提供的可靠情报，埃及军方在确定恐怖分子准确位置后对目标实施了空中打击。此次打击还摧毁了恐怖组织3辆载有武器弹药的卡车。,埃及军方,空中打击
2775,近年来，埃及反恐形势严峻。2018年2月，埃及军方开始实施“西奈2018”反恐行动。截至2018年年底，埃及军方在行动中打死约450名恐怖分子。,埃及军方,“西奈2018”反恐行动
2792,新华社莫斯科2月2日电(记者刘洋)俄罗斯总统普京2日宣布，俄暂停履行《中导条约》义务。,俄,《中导条约》
2796,普京说，在美国的中程和短程导弹部署在世界各地之前，俄罗斯不会在那些地方部署类似导弹。,美国,中程和短程导弹
2797,普京表示，鉴于美国的相关做法，俄罗斯已开始研制包括陆基高超音速中程导弹在内的新武器。他说：“他们(美国)宣布他们正在进行(武器的)研制和试验设计工作，我们也将做同样的事情。”,俄罗斯,陆基高超音速中程导弹
2798,美国国务院2月1日宣布，美国于2日起暂停履行《中导条约》义务，启动退约程序。,美国,《中导条约》
2803,1月27日，苏禄省霍洛市一座天主教堂发生连环爆炸，共造成22人死亡、上百人受伤。菲律宾国防部长洛伦扎纳日前表示，阿布沙耶夫武装策划并实施了27日的连环爆炸。目前军方已加大对阿布沙耶夫的清剿力度，展开了一系列追捕涉案人员的行动。,阿布沙耶夫,连环爆炸
2807,美国国会参议院1月31日通过一项修正案，反对美国政府从叙利亚和阿富汗“贸然”撤军。,美国国会参议院,撤军
2809,参议院当天表决，以68票支持、23票反对的结果通过一项修正案。修正案认同美国打击极端组织“伊斯兰国”和“基地”组织的成果，但反对总统唐纳德·特朗普准备从叙利亚和阿富汗撤军的计划。,参议院,撤军
2825,德国国防部多名消息人士1月31日披露，美国洛克希德－马丁公司研制的F－35型战斗机在德国空军新战机采购招标中出局。,美国洛克希德－马丁公司,F－35型战斗机
2826,德国将在欧洲“台风”战斗机和美国波音公司研制的F/A－18型战斗机之间作出选择，替换现有85架老旧“旋风”(又译“狂风”)战斗机。,美国波音公司,F/A－18型战斗机
2827,消息人士告诉路透社记者，德国国防部需要波音和参与研制欧洲“台风”战斗机的空中客车公司提供战机详细信息，以便作出最终决定。,波音,“台风”战斗机
2829,消息人士同时披露，德国空军已决定更换33架现有老款“台风”战机。这批战机现在只用于空中警戒和训练，今后数年将由性能更优越的新型“台风”战机取代。这意味着德国打算向空客采购多达30亿欧元(约合231.6亿元人民币)的新战机。,德国空军,老款“台风”战机
2830,空客对德方决定表示欢迎，同时强调，用空客战机替换“旋风”是风险最低的选择。波音则将F/A－18的“卖点”定位在出勤率高、成本相对较低和电子攻击能力强。,空客战机,“旋风”
2833,参与去年决策过程的人士说，德国国防部原本打算采购“台风”和两种美国战机中的一种，现在似乎有意选定一种战机。,德国国防部,“台风”
2834,“台风”战机由空客、英国航空航天系统公司以及意大利最大的航空航天工业企业莱昂纳多公司共同研制。,空客、英国航空航天系统公司,“台风”战机
2837,德国最亲密的欧洲盟友法国同样警告说，购买F－35可能会影响法德2040年以前共同研制出新战机。,法德,新战机
2838,德军官员说，1983年服役的“旋风”战机亟需替换。如果这批战机坚持服役至2030年以后，德国政府恐将为此支出大约80亿欧元(约合617.6亿元人民币)。,德军,“旋风”战机
2841,俄罗斯外交部当天发布公告说，美国退出《反弹道导弹条约》、阻挠国际社会强化《禁止生物武器公约》以及退出伊朗核问题全面协议等举动已经引起俄方担忧，俄罗斯将继续坚决反对美国在军备控制、裁军和不扩散领域的破坏性举动。,美国,《反弹道导弹条约》
2843,美国国务院1日宣布，美国将于2日起暂停履行《中导条约》义务，启动退约程序。美国国务卿蓬佩奥说，由于俄罗斯长期违反《中导条约》的规定，美方将暂停履行条约义务，启动为期6个月的退约程序。,美国,《中导条约》
2847,据俄罗斯卫星网报道称，美国国防部报告称，五角大楼发现了美军现役第五代战斗机F-35的致命缺陷。,美军,第五代战斗机F-35
2848,文章称，美国军方在测试过程中得出结论，短距起飞垂直降落的F-35B战斗机的飞行寿命为2100小时，约为其8000小时预期使用寿命的四分之一。这意味着这些每架价值1亿美元的战斗机中的一些飞机在2026年就要做减值处理。,美国军方,F-35B战斗机
2851,F-35是美国第五代战斗轰炸机，除美国外，还少量列装了美国一系列盟友。洛克希德马丁公司制造F-35 Lightning II飞机的计划已经耗资约1.5万亿美元，成为史上最昂贵的武器制造计划。,洛克希德马丁公司,F-35 Lightning II飞机
2853,新华社新德里2月1日电(记者胡晓明)印度空军一架幻影2000教练战斗机2月1日在南部卡纳塔克邦坠毁，机上两名飞行员丧生。,幻影2000教练战斗机,南部卡纳塔克邦
2856,印度空军近几年频繁发生坠机事故。印度空军一架“美洲虎”战斗机今年1月28日在北方邦坠毁，所幸没有造成人员伤亡。,“美洲虎”战斗机,北方邦
2859,俄新社援引该文件报道说，阿联酋去年5月曾得到美国军方消息，称该国的YahSat-1B卫星与俄罗斯的“光线”卫星发生了危险靠近且存在相撞风险。美方称，两颗卫星一度以140米至9.65千米的间距相伴飞行。,YahSat-1B卫星,俄罗斯的“光线”卫星
2861,YahSat-1B为阿联酋军民两用通信卫星，于2012年4月由俄美合资的国际发射服务公司用“质子-M”运载火箭发射升空。俄罗斯的“光线”中继卫星于2014年9月进入太空。,YahSat-1B,阿联酋军民两用通信卫星
2875,2月1日，在美国华盛顿，美国国务卿蓬佩奥在国务院记者会上讲话。 美国国务院2月1日宣布，美国将于2日起暂停履行《中导条约》义务，启动退约程序。,美国,《中导条约》
2876,新华社华盛顿2月1日电(记者刘品然　刘晨)美国国务院2月1日宣布，美国将于2日起暂停履行《中导条约》义务，启动退约程序。,美国,《中导条约》
2877,美国国务卿蓬佩奥当天在国务院记者会上说，由于俄罗斯长期违反《中导条约》的规定，美方将暂停履行条约义务，启动为期6个月的退约程序。,俄罗斯,《中导条约》
2879,美国总统特朗普当天也发表声明称，长期以来，俄罗斯秘密研发和部署条约限制的导弹系统，导致美国做出这一决定。美国将着手开发军事回应的选项，与北约和其他盟友展开合作，避免俄方因部署违约导弹系统而获得军事上的优势。,俄罗斯,导弹系统
2881,俄罗斯一直以来拒绝接受美国有关俄罗斯违约的指控。近年来，美俄两国互相指责对方违约。美国指责俄罗斯部署射程受条约限制的9M729型(美方称SSC-8)陆基巡航导弹;俄罗斯则怀疑美国在东欧部署的陆基“宙斯盾”反导系统具备发射巡航导弹的能力。,俄罗斯,9M729型(美方称SSC-8)陆基巡航导弹
2882,俄罗斯军方1月23日对外展示了9M729型巡航导弹，并表示该导弹的实际射程为480公里左右，并不违反《中导条约》。,俄罗斯军方,9M729型巡航导弹
2900,【环球网军事2月1日报道】乌克兰曾承诺向美国交付一辆“堡垒”坦克，而如今看来美国是收不到这款乌克兰坦克了，相关购销计划于去年春公布。,乌克兰,“堡垒”坦克
2902,购销合同原本规定，马雷舍夫工厂向乌克兰特种设备出口公司出售一辆“堡垒”坦克。基辅此前表示，希望“堡垒”坦克能够对扩大乌美军事技术合作有所帮助。自相关协议签署以来，坦克价格已增长三倍，但即便如此，马雷舍夫工厂仍因破产而无力建造。,马雷舍夫工厂,“堡垒”坦克
2903,2018年3月初，乌克兰“军工信使”新闻社曾报道，美国政府已经与乌克兰国防进出口公司达成协议，将购买一辆乌克兰T-84“堡垒M”主战坦克。报道称，乌克兰国防进出口公司的消息人士表示，这笔交易已经敲定，美国方面将会研究乌克兰的军工技术，并探讨与乌克兰展开合作的可能性。,美国政府,乌克兰T-84“堡垒M”主战坦克
2904,据报道，这已经不是乌克兰第一次向美国出售坦克，2003年，美国政府购买了4辆T-80UD坦克，这些车辆在2003年12月-2004年1月间，在美国陆军阿伯丁试验场进行了测试。,美国政府,4辆T-80UD坦克
2920,【环球网军事2月1日报道】据俄罗斯卫星新闻通讯社1月31日报道，俄罗斯地缘政治问题科学院院长康斯坦丁·西夫科夫认为，乌克兰没有科技实力制造“海王星”导弹以及其它“有能力深入打击俄罗斯”的武器。,乌克兰,“海王星”导弹
2921,乌克兰军队、军转民和裁军研究中心副主任米哈伊尔·萨姆斯曾呼吁制造这样的武器。他认为，亚速海和黑海局势对乌克兰“极其不利”，因此乌克兰应该凭借“海王星”导弹和防空反导的发展向着对自己有利的方向平衡实力。,乌克兰军队,“海王星”导弹
2923,“海王星”导弹是乌克兰首枚巡航导弹，可舰载、地面和空中发射。根据导弹制造者的思路，这枚导弹将可以击中280公里范围内的海底和海岸目标。该导弹是乌克兰光线设计局在俄罗斯天王星X-35导弹基础上研制的武器，2018年年末乌克兰总统波罗申科宣布很快将开展国家导弹试验。,乌克兰,“海王星”导弹
2925,【环球网军事2月1日报道】印度国防部1月31日发布消息称称，印度政府和印度Goa Shipyard国家造船厂签订了建造两艘俄罗斯11356型护卫舰的合同。,印度Goa Shipyard国家造船厂,两艘俄罗斯11356型护卫舰
2926,印度国防部报道称签订了建造两艘护卫舰的合同，计划在2026年6月和12月交付。预计这两艘护卫舰将被装备上俄印合作的布拉莫斯反舰巡航导弹。,印度国防部,两艘护卫舰
2927,俄罗斯总统普京和印度总理莫迪在谈判结束后签署了为印度海军生产11356型系列护卫舰的政府间协议，此后俄罗斯国家技术集团总经理谢尔盖·切梅佐夫表示，两艘护卫舰将在俄罗斯生产，其余的则在印度造船厂生产。,印度海军,11356型系列护卫舰
2928,该型护卫舰最初是为俄罗斯黑海舰队所建，但是由于没有此前乌克兰提供的电力装置而暂停建造。,俄罗斯黑海舰队,护卫舰
2930,俄军装备的“伊斯坎德尔”导弹,俄军,“伊斯坎德尔”导弹
2933,罗戈夫指出，如果美国退出《中导条约》，俄罗斯目前还不能对美国在东欧部署导弹做出对称回应。他表示，“我们不能建立对美国的对称威胁。我不相信古巴或者尼加拉瓜会同意俄罗斯在其境内部署导弹。近期委内瑞拉发生的事件表明，在西半球部署导弹的方案难以实现。”,美国,《中导条约》
2974,【环球时报报道 记者 马俊】中国国家航天局1月31日宣布，在挺过最低温度冷至零下190摄氏度的漫长月夜后，月球背面的玉兔二号巡视器和嫦娥四号着陆器先后接受光照自主唤醒，继续开始科学探测。,玉兔二号巡视器和嫦娥四号着陆器,科学探测
2990,报道宣称，中国海警是“世界最大规模的海上执法力量”，拥有225艘500吨以上的近海舰艇和1050艘近岸执法船，舰艇总数为1275艘，超过中国所有邻国的军舰之和。而且中国海警吸取美国海岸警卫队、日本海上保安厅公务船的经验，淘汰了服役年代久远、能力较弱的巡逻艇，新入役的海警船装备有舰载直升机、海上拦截快艇、小型火炮、强力水炮，具有时间更长的续航能力和更长距离的远航能力。“同时中国海上民兵也在逐渐成长，装备更加现代化，拥有84艘大型船只，可以执行水炮喷射和撞击任务”。,中国海警,近海舰艇
2992,美国海岸警卫队拥有240艘大中型巡逻舰，海上安全委员会旗下还有超过120艘后勤、货运和支援船。但报道认为，这些船只集中在美国水域，远离国际争端。埃里克森称，美国的海洋利益是全球化的，美国海军分散在世界各地，其中许多舰艇受任务、地理和时间因素制约，长期远离东亚海域。而中国的海洋诉求是区域性的，海军、海警和海上民兵集中于中国近海，受到中国陆基、空基导弹的保护，距离争议海域的补给线也比较短。他主张的解决方案是，美国海军在继续扩充规模的同时，必须考虑到中国海上力量的数量优势，应鼓励盟国填补美海军规模的不足。,美国海岸警卫队,240艘大中型巡逻舰
2998,【环球时报综合报道】电磁轨道炮被视为“划时代”的新概念武器，美国情报机构预测，中国可能在2025年就将实战部署这种武器，研制进度落后的美军备感焦虑。,中国,电磁轨道炮
3000,美国海军的电磁轨道炮,美国海军,电磁轨道炮
3001,美情报机构认为，中国海军1月实施了“全球最大威力的舰炮射击试验”。美国CNBC电视台称，中国对电磁轨道炮的研发于2011年曝光，2014年开展试验，2017年底成功实现舰载并启动海上试验，预计到2023年将结束试验，并在2025年进行实战部署。美情报机构估算，中国电磁轨道炮的炮弹费用约为2.5万-5万美元，而美军“战斧”巡航导弹的单价为140万美元。,中国,电磁轨道炮
3002,报道称，美海军正在加紧研发电磁轨道炮，但尚未进入实战部署阶段，日本防卫省也以“岛屿防卫”为由推进研发。澳大利亚广播公司称，美国从2005年就开始研制电磁轨道炮。2010年12月，美国海军的第一门电磁轨道炮成功试射。但此后它的研制进度并不顺利，2018年甚至传出项目可能下马的消息。日本防卫省防卫装备厅2018年8月也公布了日本的电磁轨道炮项目，计划从2016财年到2021财年投入10亿日元（约为6160万元人民币）展开研制。▲ （魏云峰）,美海军,电磁轨道炮
3031,在空军首家装备苏-35战机的空军航空兵某旅机场，我们正赶上部队组织的一场跨昼夜飞行训练。从飞行指挥塔台训练计划上看到，这天既有二对二、一对一的对抗空战，也有编队对地突防突击，是新时代空军练兵备战的“家常便饭”。,空军航空兵某旅,苏-35战机
3032,苏-35战机对地面目标实施火力打击。,苏-35战机,火力打击
3041,就是在去年春节前夕，该旅飞行员驾驶苏-35战机从这里起飞，飞赴南海参加联合战斗巡航任务。消息一出，迅速刷爆朋友圈。此时，距离旅装备苏-35战机本场首飞还不到一年。,苏-35战机,联合战斗巡航任务
3042,去年5月11日，该旅苏-35战机首次与轰-6k战机编队飞越巴士海峡，实现了绕岛巡航模式的新突破，彰显了空军体系作战能力的新提升。,苏-35战机,巴士海峡
3062,【环球网军事1月31日报道】据俄罗斯《消息报》1月30日报道，时隔30年后，2019年俄罗斯国防部将恢复北极空域巡逻，担负战斗值班任务的将是世界上飞行速度最快的飞机之——“米格31BM”截击机。,“米格31BM”截击机,北极空域
3064,俄国防部向《消息报》表示，2019年年底前将有两支米格-31BM中队进入战斗值班。2018年举行了一系列北极巡逻飞行战术演习。在北极试用米格-31BM截击机的结果是成功的。演习期间，飞机在空中停留5个小时以及更长时间，飞行距离超过4000公里。飞行过程中进行了空中加油，在这片荒凉之地巡逻，没有空中加油是不行的。,两支米格-31BM中队,北极
3065,演练任务包括“猎捕”潜在敌人的轰炸机以及在北冰洋地区开展补充侦查。此外，米格-31BM还参加了“东方-2018”演习。当时飞行员的任务是搜寻一组舰船，飞机飞行700公里进入侦察区。,米格-31BM,“东方-2018”演习
3067,“米格31-BM小队还将为轰炸机进行护航，例如飞往阿拉斯加的轰炸机。”专家称，“北方舰队目前执行多项战略任务，需要高速战斗机的保护。”,米格31-BM小队,轰炸机
3068,报道称，将有两支航空中队来监控北极地区。西部由“北方”联合战略指挥部飞行员，即部署在摩尔曼斯克州蒙切戈尔斯克机场的第98独立混合航空团来保护，东部安全由部署在堪察加边疆区堪察加彼得罗巴甫洛夫斯克市埃利佐沃机场的第317独立混合航空团负责。目前，大量米格-31BM处于存放状态，如有需要其数量可快速扩大。,摩尔曼斯克州蒙切戈尔斯克机场,第98独立混合航空团
3069,俄罗斯功勋军事飞行员弗拉基米尔·波波夫少将向《消息报》表示，选择米格-31并非偶然。它是一种远程截击机，专门为保卫国家边境和北部地区研发。,米格-31,远程截击机
3071,米格-31全天候超音速远程双座截击机是苏联首款第四代战机。研发米格-31是为二十四小时全天候拦截任何高度的空中目标。如果不进行空中加油，米格-31可飞行3000公里，最大飞行高度为20.5千米，平均飞行时间为3.3小时。由4架米格-31组成的飞行小组可监控800-900公里的空域。,米格-31全天候超音速远程双座截击机,苏联首款第四代战机
3073,【环球网军事1月31日报道】俄罗斯卫星通讯社1月30日报道，伊尔库茨克航空厂代表安德烈·巴尔丘戈夫表示，今年年底前将完成对苏-30SM多用途战斗机改造型的所有试验。,俄罗斯,苏-30SM多用途战斗机
3075,经过伊尔库茨克航空厂的改造后，苏-30SM将能够识别更远距离的空中目标，并将配备可打击数百公里外陆地或海上目标的高精度武器。,伊尔库茨克航空厂,苏-30SM
3096,“美国推动对中俄新冷战让军火商兴高采烈”，韩联社30日称，随着美国政府各部门频频渲染“中俄威胁”，美国军工企业今年可能迎来业绩丰年。以生产F-35隐形战机和导弹防御系统主要装备的洛克希德·马丁公司为例，其2018年的营业额可能高达1300亿美元，远超2017年的1050亿美元。,洛克希德·马丁公司,F-35隐形战机
3105,【环球时报综合报道】印度《经济时报》30日称，印度国防部决心着手解决印度先进潜艇长期没有重型鱼雷的问题，这一尴尬情况已经持续了多年。据称，本世纪初印度从法国采购“鲉鱼”级常规潜艇时，并未签署引进配套重型鱼雷的协议。印度曾计划从意大利采购“黑鲨”鱼雷，但因受贿丑闻被迫放弃，此后采购项目一拖再拖。如今“鲉鱼”级潜艇与国产核潜艇已交付印度海军，但它们至今没有合适鱼雷。▲,法国,“鲉鱼”级潜艇与国产核潜艇
3115,报道称，美军各大军种纷纷布局北极。美国海军“杜鲁门”号航母战斗群近来在北极圈参加北约演习，“这是美国航母30年来首次在北极部署”。同时，北美防空司令部指挥下的美加部队持续在进行航空航天和海上预警。“北方司令部一直在警惕地观望北极，在阿拉斯加苛刻的荒野中保持存在，并监视世界上一些最令人不寒而栗的海岸线”。,美国海军“杜鲁门”号航母战斗群,北约演习
3117,当前美国空军正对部署在那里的50多部雷达进行现代化升级，它们的探测范围覆盖北美上空，保护美国和加拿大免受导弹和轰炸机袭击。此外，北极基地还是美国全球战略空运系统的关键枢纽，从这里出发的飞机能快速部署到北半球的任何位置。,美国空军,50多部雷达
3118,同时，美国陆军继续为寒冷天气行动进行训练并发展装备，计划采购能在零下45度运作的“联合全天候全地形支持车”。美军还在运作古老的极地生存学校，并保留使用独特的滑雪飞机降落在冰面上的能力。美国海岸警卫队也频繁在北极展开训练，并计划建造更多的破冰船以提升北极活动能力。,美国海岸警卫队,破冰船
3121,装备“宙斯盾”系统的日本海上自卫队驱逐舰,日本海上自卫队驱逐舰,“宙斯盾”系统
3122,【环球时报报道 特约记者 田聿】为拦截中俄新发展的高超音速武器，美国不断加强在太平洋上的导弹预警能力。据美国《防务新闻》29日报道，美国政府一结束“关门”状态，就批准了对日出口两套宙斯盾反导系统的军售项目。此前美国刚宣布准备在日本部署能监视5000公里范围的反导预警雷达，再加上日本和驻日美军现有的各型反导系统，让日本成为美国的“反导防波堤坝”。,美国,反导预警雷达
3123,英国《简氏国际防务评论》认为，之所以美国要将针对洲际导弹的新一代远程预警雷达部署到日本，就是为应对中俄新发展的高超音速武器。报道称，美国要防堵对手高超音速武器的攻击，就必须建立更绵密、更多元的反导作战体系。由于高超音速武器将极大压缩美国反导系统的反应时间，难以预测的飞行轨迹更增加了拦截难度，为此五角大楼必须想办法争取更早发现导弹、组织更多波次的拦截。,美国,新一代远程预警雷达
3124,目前日美已经共享美国早期预警卫星、日本陆基雷达、预警机等搜集的导弹信息。在日本部署的新一代反导雷达，不但能第一时间获取从亚洲腹地升空的导弹信息，还可以将目标情报通过高速数据链传输给部署在日本的宙斯盾战舰或陆基宙斯盾反导基地，发动第一波次拦截。同时相关导弹信息由美军海基X波段雷达持续监控，最后由阿拉斯加的陆基中段反导系统再次进行拦截。这正是美国赖以抗衡高超音速武器的“法宝”。,美国,新一代反导雷达
3127,资料图：美军部署的反导雷达系统,美军,反导雷达系统
3128,【环球时报报道 特约记者 田聿】为拦截中俄新发展的高超音速武器，美国不断加强在太平洋上的导弹预警能力。据美国《防务新闻》29日报道，美国政府一结束“关门”状态，就批准了对日出口两套宙斯盾反导系统的军售项目。此前美国刚宣布准备在日本部署能监视5000公里范围的反导预警雷达，再加上日本和驻日美军现有的各型反导系统，让日本成为美国的“反导防波堤坝”。,美国,反导预警雷达
3129,《防务新闻》称，美国国防安全合作局29日发布公告，同意日本购买两套陆基宙斯盾反导系统。这是自美国政府结束“关门危机”以来首宗政府间对外军售项目，总金额约21.5亿美元，预计2023年服役。,日本,两套陆基宙斯盾反导系统
3130,美日此前判断，日本与亚洲大陆相对较近，不太可能遭受洲际导弹袭击，因此部署在日本的预警雷达主要针对中近程弹道导弹。美国已经在日本本土配置了两部X波段的AN/SPY-2固态多功能相控阵雷达，它是近年在东亚惹出风波的“萨德”反导系统的核心，针对中近程弹道导弹相对角度变化大的特点进行了专门优化。日本航空自卫队也装备4座固定式FPS-5雷达，探测距离可达1000公里，在一定功率下能探测到3000公里外的目标。不过，该雷达存在精度较差的问题，特别目标识别能力不高，容易发生虚警。,美国,AN/SPY-2固态多功能相控阵雷达
3131,此外，自卫队与驻日美军还装备有不少“爱国者-3”反导拦截系统，它们配备AN/MPQ-53或AN/MPQ-65相控阵雷达，主要用于对付战术弹道导弹、巡航导弹和先进飞机。“爱国者-3”属于末段拦截系统，探测范围更是有限。,驻日美军,“爱国者-3”反导拦截系统
3133,洛克希德马丁公司研制的远程识别雷达（LRDR）,洛克希德马丁公司,远程识别雷达（LRDR）
3134,【环球时报报道 特约记者 田聿】为拦截中俄新发展的高超音速武器，美国不断加强在太平洋上的导弹预警能力。据美国《防务新闻》29日报道，美国政府一结束“关门”状态，就批准了对日出口两套宙斯盾反导系统的军售项目。此前美国刚宣布准备在日本部署能监视5000公里范围的反导预警雷达，再加上日本和驻日美军现有的各型反导系统，让日本成为美国的“反导防波堤坝”。,美国,反导预警雷达
3135,《防务新闻》称，美国国防安全合作局29日发布公告，同意日本购买两套陆基宙斯盾反导系统。这是自美国政府结束“关门危机”以来首宗政府间对外军售项目，总金额约21.5亿美元，预计2023年服役。,日本,两套陆基宙斯盾反导系统
3136,据介绍，日本这次采购的陆基宙斯盾系统，比美国在罗马尼亚、波兰部署的同类产品更为先进。雷达是该反导系统的核心，美国在欧洲部署的是宙斯盾驱逐舰上使用的AN/SPY-1相控阵雷达，而日本相中了洛·马公司新研制的远程识别雷达（LRDR），这是专为美国陆基中段拦截系统设计的新型雷达，美国导弹防御局计划把它部署到阿拉斯加，探测朝鲜或俄罗斯射来的洲际导弹。日本政府宣称，只需要两套陆基宙斯盾系统就能保护全国，由此推算，该雷达的有效探测距离至少超过1000公里。,美国,AN/SPY-1相控阵雷达
3137,由于没有舰体、电力及空间的限制，陆基宙斯盾系统在装备及武器配置上有很大的灵活性，除了不能机动部署外，作战性能完全超越海上自卫队和驻日美军装备的宙斯盾驱逐舰。不过宙斯盾战舰战时可以前沿部署，一定程度上弥补了探测距离不足的问题。,驻日美军,宙斯盾驱逐舰
3138,日本《丸》杂志称，因为没有空间限制，陆基宙斯盾系统可配备的拦截导弹可以及时补充，具备近乎无限的持续作战能力。再加上美日正在为宙斯盾反导系统研制“标准-3 Block 2A”拦截导弹，使之具备拦截洲际导弹的能力。依托宙斯盾系统强大的探测能力，日本除了充当“不沉航母”外，还将成为导弹威胁面前的“不沉宙斯盾舰”，在美国心目中的地位将进一步抬升。,陆基宙斯盾系统,拦截导弹
3139,如果说陆基宙斯盾反导系统是日本监视亚洲大陆的新一代预警雷达中坚力量，那么五角大楼准备部署在日本的“国土防御雷达”则堪称“核心大将”。这种顶级雷达作用距离超过5000公里，而且探测精度极高，此前仅计划部署于美国本土、夏威夷和关岛等地。日本《读卖新闻》1月28日称，如果日美达成相关协议，这将是“国土防御雷达”首次进驻海外。报道称，除了可以监视和防御西太平洋沿岸国家发射的弹道导弹，它还可用来监控反卫星武器和空间碎片等。该雷达一旦落户日本，将显著增加美国侦测中俄战略导弹的能力。,五角大楼,“国土防御雷达”
3167,【环球网军事1月30日报道】据新加坡《联合早报》网站1月27日报道，中国东风-26型中远程导弹的发射场面首次亮相。值得注意的是，这次展示的东风-26导弹是采用高超音速滑翔技术的常规打击\反舰型导弹，其多锥体高超音速滑翔弹头的具体外形也是首次公布。这也是世界上第一种服役的采用助推-滑翔技术的高超音速中远程导弹。,中国,东风-26型中远程导弹
3168,《联合早报》报道称，在上周三播出的电视节目中，首次播放了中原某地装备东风-26中远程导弹某部的日常训练和试射导弹的镜头。这表明，除了在中国西部部署的东-26导弹部队外，中国拥有了第二个具备实战能力的东-26导弹部队。,中国西部,东-26导弹部队
3172,【环球网军事1月30日报道】美国《国家利益》杂志1月29日刊文称，俄罗斯正在研制新型喷气式隐形无人机“猎人”，且该项目有望获得成功。,俄罗斯,新型喷气式隐形无人机“猎人”
3174,《国家利益》指出，2007年，米高扬设计局展示了“鳐鱼”喷气式无人机原型机，但后来项目被停。制造新武器需要新设备，也需要在叙利亚获得的经验。专家表示，俄空天军在叙利亚的成功主要依靠有人驾驶设备，无人机精度不够高。,米高扬设计局,“鳐鱼”喷气式无人机原型机
3179,他还说：“我们认为，今年俄罗斯将继续全面实现武装力量的现代化，特别是在防空设备、潜艇和无线电电子战设备方面取得进展。”科茨重申美方的指责称，俄罗斯制造的9М729型陆基巡航导弹违反了《中导条约》。,9М729型陆基巡航导弹,《中导条约》
3182,【环球网军事1月30日报道】俄罗斯卫星通讯社1月30日报道，据五角大楼国防安全合作局发布消息称，美国国务院批准向日本销售总价21.5亿美元的2套“宙斯盾”反导系统。,美国国务院,2套“宙斯盾”反导系统
3216,资料图：美国“民兵”导弹配备的核弹头,美国“民兵”导弹,核弹头
3217,【环球时报驻美国特约记者 闻华 环球时报特约记者 李强】据美国《防务新闻》网站29日报道，美国新型低当量核弹头已正式投入生产，并将于今年晚些时候交付海军。分析认为，美国发展用于“三叉戟”潜射弹道导弹的低当量核弹头，可能会降低美国使用核弹头的门槛，引发更大的核危机。此外，美国庞大的新型核弹头研制计划，必然会激起核大国，特别是俄罗斯采取应对措施，导致新一轮的核军备竞赛。对于发展这种核弹头，美国国内也存在很大争议。,美国,新型低当量核弹头
3218,《防务新闻》网站在题为“特朗普的新核武器已投入生产”的报道中称，根据美国国家核安全管理局发表的声明，美国第一批生产型W76-2弹头正在得克萨斯州的潘太克斯工厂进行生产。该机构发言人说，国家核安全管理局有望完成达到初始作战能力要求的W76-2弹头生产，并在2019财年末交付海军部队。但该发言人拒绝透露弹头总数。报道称，W76-2新型弹头是海军“三叉戟”弹道导弹的W76-1弹头的改进型。美国去年发布的《核态势评估报告》提出要制造这种弹头。根据设计，该弹头(当量)小于第二次世界大战期间投放在日本广岛和长崎的核弹(大约15-20千吨TNT)。,W76-2新型弹头,“三叉戟”弹道导弹的W76-1弹头
3220,一位不愿透露姓名的专家向《环球时报》记者介绍说，美国W76系列弹头于上世纪70年代开始研制，是目前美军储量最多的核弹头。其第一种型号W76-0于1978年开始生产，主要用于装备美国的“三叉戟I”和后来的“三叉戟II”潜射弹道导弹。W76弹头只有164公斤，爆炸当量约为10万吨TNT。美国政府于2000年批准800枚弹头的延寿工作，后来增加到2000枚。2008年美国完成首批W76-1弹头升级，并于次年交付美国海军，它实际上是W76-0的翻新延寿版本。而新型的W76-2弹头降低了当量，有未经证实的消息称只有5-7千吨。,美国,W76系列弹头
3222,实际上，W76-2弹头只是美国打算研制和翻新的多种核弹头之一。美国国家核安全管理局此前发布的报告显示，美国在未来25年将研制或更新多达9种新型核弹头，以满足《核态势评估报告》的要求。这些核弹头除W76系列弹头外，还包括由空军战机投放的B61-12核航弹、用于“三叉戟II”D5潜射导弹的W88 Alt 370核弹头、用于美军下一代陆基弹道导弹的新型核弹头，以及为美国空军下一代远程巡航导弹开发的W80-4核弹头。分析认为，如此庞大的核弹头研制和更新计划，势必会刺激其他核大国，导致新一轮的核军备竞赛。此外，这也有可能影响美俄《新削减战略武器条约》的顺利实施及该条约到期后的核裁军谈判。《新削减战略武器条约》规定，美俄双方要将部署的核弹头数量削减到1550枚以内。,美国,9种新型核弹头
3224,伊朗展示的导弹武器,伊朗,导弹武器
3226,报道称，美国去年退出伊核协议，并对伊朗实施经济制裁，原因之一是伊核协议并未遏制伊朗发展弹道导弹。而一些欧洲国家近来也对伊朗导弹项目提出质疑。法国外长勒德里昂日前表示，如果对话无法让伊朗停止发展导弹项目，就准备实施对伊制裁。伊朗国防部长哈塔米29日称，“敌人说伊朗导弹项目应该被铲除，但我们一再重申，我们的导弹项目没有谈判的余地”。,伊朗,弹道导弹
3228,【环球网军事1月29日报道】被台湾寄予众望的自产“云豹”装甲车，近日又传出了“难产”的丑闻。据台湾媒体1月27日的报道，号称“云豹”系列装甲车中最强版本的30MM链炮步战车本应在去年12月24日交付，但由于得标厂商迄今未能交付，使得这款装甲车再度成为话题。,台湾,“云豹”装甲车
3230,台湾“国防部”表示，“云豹”装甲车的升级制造方案预算为45亿7千多万元新台币，包括以“最有利标”方式购置280套“动力底盘系统”。第1批30套的交付日期为去年12月24日前，台湾“国防部”要求厂商如期交货，如逾期交货则依契约计罚；迄今制造商仍未履约，至于开罚多少钱，“军备局”则不愿回答。,台湾“国防部”,280套“动力底盘系统”
3233,台湾军方在2018年10月24日确定增购284辆改进型“云豹”装甲车，其中都是装备了30毫米机关炮塔和105毫米反坦克炮的新型号。该型号使用的是美国orbital ATK公司制造的MK.44型30毫米口径链式机关炮，这种火炮具备较高的穿甲性能和精度。但美国厂商一度索价10亿新台币，转让该炮制造技术。最后台军放弃大部分核心部件在岛内生产的要求，才最终月美方达成协议。但作为一门车载火炮其价格依然不菲，据台媒的报道，“中科院”制造的炮塔每个价格5000万新台币（约合160万美元）。,台湾军方,改进型“云豹”装甲车
3240,【环球网军事1月29日报道】印度空军新闻处1月28日发布消息称，一架“美洲虎”战斗机28日上午在印度北部拘尸那揭罗市附近坠毁。,“美洲虎”战斗机,印度北部拘尸那揭罗市附近
3264,1月27日，马杜罗检阅部队，亲自参与装甲车操控、抢滩登陆等一系列军事操练。,马杜罗,部队
3310,海外网1月28日电 韩国军方日前进行反恐与严寒训练，并积极引进F-35A等军事装备。对此，朝鲜媒体28日刊文称，这违背朝韩和平与对话局面，敦促韩方停止军事训练和引进军事装备。,韩国军方,F-35A等军事装备
3313,评论指出，韩军年初起动员大量兵力进行战争演习不容忽视，这是违背朝韩走向民族和解与繁荣大潮流的危险军事行动。,韩军,战争演习
3314,韩军计划从美国引进的F-35A（韩国《中央日报》）,韩军,F-35A
3315,评论还提到，韩军日前发布《2019年-2023年国防中期计划》并增加国防预算，以及从美国接收的6架F-35A隐形战机中，有2架将于3月末抵韩等，批评韩方热衷于耗费大量资金增强军力。,韩军,6架F-35A隐形战机
3320,【环球时报综合报道】俄罗斯最新研发的“无人机杀手”——“食肉动物”无人机，近日首次进行了武器系统试验。据俄罗斯塔斯社28日报道，俄军工综合体消息人士27日表示，在托木斯克试验场的飞行测试中，“食肉动物”无人机进行了使用武器系统的试验，包括打击武器和发射捕捉网拦截其他无人机。,俄罗斯,“食肉动物”无人机
3321,俄罗斯regnum通讯社28日报道称，“食肉动物”无人机翼展长约5米，最大重量约40千克，有效载荷可达20千克，在空中飞行时最大时速150公里，最大高度为4000米，滞空时间为10至15个小时。除了配备武器系统外，它还可携带高分辨率光电侦察系统、雷达等。其另外一个重要特点是拥有极强的抗干扰能力，即使受到强烈的电子干扰，也能在失去遥控的情况下在自动状态下完成任务。在人工控制状态下无人机活动半径为150公里，而在自动状态下活动半径为500公里。去年12月中旬，该型无人机进行首次飞行试验。塔斯社称，在结束工厂试验后，俄罗斯还计划对“食肉动物”进行实战条件下的测试。,“食肉动物”无人机,武器系统
3322,“食肉动物”无人机在执行摧毁地面目标任务时，携带的空中侦察和监视设备可以探测到敌人的火力发射点，机载计算机系统可以计算出轰炸点和角度，之后降至最适合的高度对地面目标实施打击。这款无人机还可用于保护核电站和军事基地等重要设施。无人机携带的捕捉网被放置在货舱中，在发现敌无人机后，便可撒出捕捉网抓住敌方无人机，并将其迫降到地面。,“食肉动物”无人机,核电站和军事基地
3323,俄专家表示，俄罗斯目前越来越重视无人机的研发工作。俄国防部部长绍伊古去年12月在俄国防部年度部务委员会上表示，俄军每年将接收超过300架中小型无人机。同时，受俄军在叙利亚作战经验的启发，俄军也十分重视发展反无人机系统，如何应对敌方小型无人机也被写入俄军作战条令。 ▲（柳直）,俄军,300架中小型无人机
3325,美国“国土防御雷达”部署效果图,美国,“国土防御雷达”
3326,【环球时报综合报道】日本《读卖新闻》网站28日报道称，为加强对洲际弹道导弹的拦截能力，应对中国、俄罗斯和朝鲜的威胁，美国有意在日本部署大型反导防御雷达。熟悉美日关系的消息人士透露，美国将很快通知日本政府，并就配备新雷达事项与日本开始谈判。,美国,大型反导防御雷达
3327,《读卖新闻》称，美国政府希望在日本部署的是洛克希德·马丁公司的“国土防御雷达”（HDR-H）。这种雷达此前仅计划部署于美国本土、夏威夷和关岛等地。该型雷达除了可以监视和防御西太平洋沿岸国家发射的弹道导弹，还可用来监控反卫星武器和空间碎片等。,美国政府,“国土防御雷达”（HDR-H）
3328,报道称，美国计划2023年在夏威夷配备HDR雷达并开始运营，并计划2025年在日本完成配备，与部署在夏威夷的雷达配合，共同发挥监视作用。此外，美方部署在日本的HDR雷达预计将和自卫队共享情报。,美国,HDR雷达
3329,部署在韩国的“萨德”反导系统发射阵地,韩国,“萨德”反导系统发射阵地
3330,目前美国部署在韩国的“萨德”系统，以及日本从美国引进的陆基“宙斯盾”系统均只具有侦测中近程弹道导弹的能力。一旦美日就在日本部署HDR雷达达成协议，将显著增加美国侦测中俄战略导弹的能力，同时也是美国首次将具有侦测洲际导弹能力的反导预警系统部署在海外。,美国,“萨德”系统
3339,去年12月20日，韩国“广开土大王”号驱逐舰在日本海救援一艘朝鲜籍遇险渔船，日本海上自卫队一架兼具反潜和反舰作战功能的P-1型巡逻机飞临现场。日方指认韩方驱逐舰用火控雷达锁定日方巡逻机；韩方予以否认，并指认日方飞机作威胁性低空飞行。此后一个多月，韩国多次谴责日本战机在韩国军舰附近的低空飞行是“挑衅行为”，而日本断然否认韩国的指控。,韩国“广开土大王”号驱逐舰,朝鲜籍遇险渔船
3341,不具名的中国军事问题专家28日对《环球时报》表示，日本方面指控的“火控雷达锁定”往往意味着对抗的进一步升级。以去年12月20日发生的雷达锁定争议为例，当时韩方“广开土大王”号驱逐舰上搭载的对空雷达主要包括3种型号。第一种是美制AN/SPS-49（V）两坐标对空警戒雷达，主要负责对空警戒。两坐标是指可以探测出目标的距离和方位，但是不能测高、测速。这种雷达的探测精度较低，不能引导导弹进行攻击。第二种雷达为荷兰Signnal公司（现泰利斯公司）的MW08型对海对空搜索雷达，可以探测海上和空中目标，而且是一种三坐标雷达，可以探测目标的距离、方位和高度。第三种对空雷达为荷兰Signnal的STIR 180跟踪照射雷达，该雷达可以精确、连续跟踪目标，为舰载速射炮提供精确的、高数据率的参数，并能够为该舰半主动雷达制导的RIM-7P“海麻雀”防空导弹提供末段连续波照射任务。,韩方“广开土大王”号驱逐舰,对空雷达
3342,上述三种雷达中，SPS-49（V）和MW08雷达属于搜索雷达，而STIR 180雷达属于火控雷达。战舰通常以前两种雷达开机搜索跟踪目标，这两种雷达“锁定”目标属于常规操作。而火控雷达通常不开机对空照射，只有准备战斗时才会用来锁定目标。所以，在和平时期被火控雷达锁定或者照射，往往意味着威胁较大的敌对行动。但专家也表示，即便火控雷达照射，也并不意味着导弹可以随时发射，这还涉及到导弹的接电准备，安装保险插头等操作。因此，这种火控雷达照射，往往代表着一种警告。,PS-49（V）和MW08雷达,搜索雷达
3343,韩日两国“雷达锁定”争议发生以来，日本战机又三次抵近韩国军舰，最近一次在1月23日。韩联社称，韩军24日公布的一张日本海上自卫队P-3巡逻机前一日贴近飞行威胁韩国军舰的照片显示，日机从约60米高度低飞，距韩军“大祚荣”舰右舷仅540米。,日本海上自卫队P-3巡逻机,韩军“大祚荣”舰
3344,对于日本军机接近韩国军舰的行为，专家表示，日本P-1巡逻机上的电子侦察系统理论上是能根据不同雷达的频率等特征来识别是被哪种型号的雷达锁定。专家认为，由于日本巡逻机上装备了较为先进的光电跟踪装置等侦察器材，从需求上看，没必要在几百米距离、几十米高度飞越韩方舰艇。因此，正如韩国军方所言，日机的这种行为，放在全世界都会被认为是挑衅性行为。,日本巡逻机,光电跟踪装置等侦察器材
3350,【环球时报综合报道】俄罗斯国防部28日发布消息称，俄军一架苏-27战机升空拦截在波罗的海上空飞行的美军P-8A“波塞冬”侦察机。消息发布的时机耐人寻味。此前一天，北美防空司令部证实，美国和加拿大多架战机当地时间26日紧急起飞，“伴随”两架靠近北美海岸线的俄罗斯轰炸机。,俄军一架苏-27战机,美军P-8A“波塞冬”侦察机
3351,据俄罗斯卫星网28日报道，俄罗斯监视波罗的海中立水域上空的侦察设备发现一个空中目标接近俄罗斯边界。随后，俄防空值班部队出动了1架苏-27歼击机升空拦截。俄罗斯战机与这一空中目标保持着安全距离，并识别其为美国空军的P-8A“波塞冬”侦察机。外机随后飞离俄罗斯国境线，俄战机也安全地返回机场。消息中并未透露事件发生的具体日期。俄国防部28日稍晚时公布了苏-27战机在波罗的海上空伴随P-8A侦察机的视频。这段视频共17秒，从不同角度拍摄了美军侦察机。,架苏-27歼击机,美国空军的P-8A“波塞冬”侦察机
3352,本月24日，俄国防部发布消息称，瑞典一架“湾流”侦察机在波罗的海中立水域上空沿俄罗斯边境活动，俄军出动苏-27战斗机升空对其拦截。去年5月1日，在波罗的海的国际空域，俄罗斯一架苏-27战机也曾在9分钟时间内与美国海军一架P-8侦察机接近，并保持只有20英尺（约6米）的距离。美军方发言人事后描述此次拦截是“安全的，但不专业”。▲（刘鹏）,苏-27战斗机,瑞典一架“湾流”侦察机
3375,2014年至2016年期间，美国发射了4枚同步空间态势感知项目(GSSAP)卫星，协助空军监视太空。根据官方披露的信息，这些卫星在低于或高于地球静止轨道运行（35786公里高的圆形轨道），配备了光电仪器摄取其他卫星和空间目标的影像。,美国,同步空间态势感知项目(GSSAP)卫星
3379,新华社华盛顿1月26日电（记者刘阳）美国海军26日在西部城市圣迭戈为“迈克尔·蒙苏尔”号驱逐舰举行服役仪式，正式接收第二艘“朱姆沃尔特”级驱逐舰。,美国海军,第二艘“朱姆沃尔特”级驱逐舰
3380,“‘迈克尔·蒙苏尔’号是美国最具战斗力的武器之一。”美国海军部长理查德·斯潘塞在服役典礼前发布的一份声明中说。这艘驱逐舰舷号为DDG 1001。据了解，该舰长185米，排水量约为1.6万吨，航速可达30节(每小时55.6公里)以上。,“‘迈克尔·蒙苏尔’号,DDG 1001
3381,迈克尔·蒙苏尔是前海军海豹突击队成员，2006年在伊拉克执行任务时因保护战友阵亡。2008年，美国时任总统小布什追授蒙苏尔“荣誉勋章”，同年，时任美国海军部长温特宣布以蒙苏尔的名字命名当时正在建造的第二艘“朱姆沃尔特”级驱逐舰。,美国海军,第二艘“朱姆沃尔特”级驱逐舰
3382,“朱姆沃尔特”级驱逐舰是当今世界最先进的驱逐舰，具备良好隐形性能和强大的对地打击能力。美国一度计划用“朱姆沃尔特”级代替现役的“阿利·伯克”级驱逐舰，但由于前者建造成本和难度巨大，而且维护费用太高，因此将32艘的建造计划削减到3艘，平摊研发费用后每艘成本或达75亿美元。,“朱姆沃尔特”级,“阿利·伯克”级驱逐舰
3383,“朱姆沃尔特”级首舰已于2016年服役，该级第三艘“林登·约翰逊”号仍在建造中，预计于今年春天下水。,“朱姆沃尔特”级首舰,2016年
3388,韩国和日本在整个月内就2018年12月20日海上事件中的军方行动大打口水战。日本方面称韩国海军舰艇使用火控雷达锁定了日本海上自卫队的一架巡逻机。针对此事，东京向首尔提出了官方抗议。反之，韩国坚称彼时舰艇正在救援朝鲜船只，而日本飞机却飞越遇险水域，并据此要求日本正式道歉。,韩国海军舰艇,火控雷达
3389,在1月下旬又发生了新一轮的口水战，韩国声称日本海上自卫队的巡逻机在济州岛以南岩石岛附近的一艘韩国舰艇的上空进行了60-70米的低空飞行。,日本海上自卫队的巡逻机,低空飞行
3392,弗洛朗丝·帕利说：“我们决定签订一份关于研制高超音速飞机样机的合同。”她表示，研制的高超音速飞机将能够以超过6千公里/小时（5马赫）的速度飞行。第一次试飞“计划在2021年底之前举行”。,法国,高超音速飞机样机
3394,据法新社报道，法国已经在开发高超音速技术以增强其核武器库。,法国,高超音速技术
3402,测试中的美军“增程加农炮系统”,美军,“增程加农炮系统”
3403,【环球时报报道 特约记者 魏云峰】尽管南海局势日趋缓和，但有的国家看上去却不愿放过“挑事”的机会。美陆军部长马克·埃斯珀表示，美军正在研制一种射程可达1000英里（约合1610公里）的超级火炮，“它可以部署在南海周边地区，帮助受制于解放军“区域拒止”战略的美国海军“踹开大门”。,美军,超级火炮
3404,俄罗斯卫星网26日称，五角大楼官员表示，“作为对抗外国对手的最终手段，如果中美在南海海域摊牌，美国陆军研制中的射程1000英里的超级火炮可以摧毁中国海军舰艇”。美国陆军部长马克·埃斯珀近日在一次媒体圆桌会议上表示，美陆军正在发展的“增程加农炮系统”可以帮助美军实施战略或战术打击。“如果未来美国海军因为解放军的‘区域拒止’战略而无法进入南海，美国陆军能从附近的岛屿或其他基地，使用这种超远程火炮摧毁敌方的陆地或海上目标，瓦解对手的‘区域拒止’防御，为美国海军或海军陆战队踹门”。,美国陆军,射程1000英里的超级火炮
3405,埃斯珀以剑与矛的发展为例说，之所以会发展矛，是因为相对于对手的剑，矛能提供更远的攻击距离。美军如今研发超级火炮，是希望置身在对手的射程外，“打了敌人后，让对方没办法还手”。他还强调，就如同第五代隐形战机能突破对手防空圈为其他战机“踹门开路”一样，超级火炮也能帮地面部队或其他军种先行除去威胁。,美军,超级火炮
3407,接受《环球时报》采访的中国专家表示，各国陆军现役身管火炮受各种因素制约，射程超过100公里后很难大幅提升。另一方面，即便是美军研制中的电磁轨道炮最大射程也不过300公里左右，远达不到报道宣称的1000英里。因此埃斯珀提到的“增程加农炮系统”最终型号可能是一种远程火箭炮。《防务快讯》也提到，在“环太平洋-2018”多国联合演习中，美国陆军就使用“高机动性火箭炮系统（‘海马斯’系统）”发射了多枚火箭弹，成功击中一艘退役的坦克登陆舰。专家表示，随着技术的发展，远程火箭炮与导弹的差别逐步模糊，射程远达1000英里的“远程火箭炮”实质上就是一种中程弹道导弹。美陆军发展这样的远程打击武器，明显违反了《中导条约》，因此只能在“增程加农炮系统”的幌子下悄悄研究。,美军,电磁轨道炮
3408,美军计划在菲律宾部署的“海马斯”,美军,“海马斯”
3409,事实上，美国陆军希望在南海周边部署远程火炮对付中国的计划由来已久。2016年，美军就表示有意在菲律宾部署“海马斯”系统，对付中国在南海的岛礁。“海马斯”可以同时装备火箭弹或战术导弹，这将使在南海巡航的中国海军舰艇面临威胁，中国诸多岛礁也将被其陆基火力覆盖。,美国陆军,远程火炮
3418,【环球时报综合报道】美联社26日称，两架俄罗斯图-160战略轰炸机当天进入加拿大防空识别区，这是“俄军机今年第一次靠近北美”。,两架俄罗斯图-160战略轰炸机,加拿大防空识别区
3419,报道称，北美防空司令部指挥美空军一架E-3预警机、两架F-22隐形战斗机和加拿大空军两架CF-18战斗机紧急起飞，进行监视和伴随飞行。北美防空司令部确认，两架俄罗斯轰炸机进入加拿大防空识别区，但尚处于国际空域，未进入加拿大领空。报道称，没有关于美加战机与俄罗斯轰炸机发生冲突的报告。,两架俄罗斯图-160战略轰炸机,加拿大防空识别区
3434,【环球时报综合报道】韩联社27日称，韩国国防部长郑景斗26日视察海军作战司令部，对日本巡逻机日前低飞威胁韩舰一事给予强烈批评。他说，日机靠近韩舰飞行“极其危险”，日方不但不承认有关行为，还要求韩方道歉，属于违背常识。郑景斗称，韩方绝不容忍危及韩军官兵人身安全的任何挑衅行为，并指示韩国海军今后要坚决反制日本巡逻机低飞威胁韩舰的一切行为，要求海军平时彻底执行海上警戒作战任务，以应对各种突发事件。▲,日本巡逻机,韩舰
3436,“日本海上自卫队巡逻机靠近韩国海军舰艇威胁飞行”在两国所引发的争吵正逐步升级。韩军24日公布了日本海上自卫队P-3巡逻机此前一天贴近飞行威胁韩国军舰的5张照片。其中一张照片显示，日机在60米的低空靠近韩舰，双方最近距离仅有540米。,本海上自卫队P-3巡逻机,韩国军舰
3437,韩联社称，23日下午2时3分许，日本P-3巡逻机在东海海域靠近韩方军舰。韩国联合参谋本部紧急召开记者会，强烈谴责日本巡逻机的威胁性飞行举动。韩国军方24日公布了2张红外线摄像机所拍影像的截图、1张光学摄像机所拍影像的截图和2张雷达画面。其中一张红外照片拍下23日下午2时3分日机的身影。此时的雷达画面显示，日机在60米高度低飞，距韩军“大祚荣”号驱逐舰右舷仅有540米。韩国国防部称，“雷达所标日机的高度和距离是客观科学的证据”。报道还透露，韩军24日原计划公布完整的监视录像“批评日方威胁行为”，最后却只发布照片，留出了转圜余地，表明韩方基于事实化解争议的立场。,日本P-3巡逻机,韩军“大祚荣”号驱逐舰
3507,波罗的海舰队新闻处透露，“在演练的实兵阶段，S-400防空导弹系统战勤班组演练了获取有关发现空中巡航导弹信号后遂行任务的动作，进行了导弹的电子发射，假想敌空中目标被摧毁”。,S-400防空导弹系统战勤班组,导弹电子发射
3513,美国总统特朗普早前表示美国打算退出《中导条约》，指责俄罗斯违反该条约，并称美国需要发展该条约所限制的武器。俄罗斯总统新闻秘书佩斯科夫指出，《中导条约》破裂将迫使俄罗斯为保障自身安全采取措施。,美国,《中导条约》
3517,据俄罗斯卫星网报道称，英国《每日邮报》报道，最新的卫星图像引起了军事专家的疑虑：沙特阿拉伯将很快开始生产弹道导弹，生产工厂已经建成。,沙特阿拉伯,弹道导弹
3543,报告指出，美国已经开始建立一支新的军种——太空军,美国,太空军
3558,【环球时报综合报道】台“国防部”24日晚发布新闻稿称，美国两艘军舰当天从台湾西南海域由南向北航经台湾海峡，“国军均依规定全程掌握，确保海疆安全及区域稳定”。对于美国军舰的身份，美国有线电视新闻网援引美军的说法称，两艘军舰分别是导弹驱逐舰“麦克坎贝尔”号以及补给舰“沃尔特·迪尔”号。,导弹驱逐舰“麦克坎贝尔”号以及补给舰“沃尔特·迪尔”号,台湾海峡
3559,24日，台“国防部”还透露解放军“空警—500”和轰—6等多架各型机24日上午从大陆南部陆续出海，经巴士海峡航向西太平洋，进行远海长航训练活动后循原航线飞返驻地。这是今年以来的第二次。此前在22日下午，解放军空军派出运—8电战机、苏—30等机种飞出巴士海峡进行长航。,解放军“空警—500”和轰—6等多架各型机2,远海长航训练活动
3560,联合新闻网称，去年7月、10月和11月，美军舰也曾通过台湾海峡。如今美军选在解放军恢复远海长航训练的敏感时机执行通过台海的任务，格外引人注意。(林风),美军舰,台湾海峡
3562,【环球时报-环球网报道 记者李司坤】据美国有线电视新闻网(CNN)报道，美国海军两艘军舰“麦克坎贝尔”号驱逐舰和“沃尔特·迪尔”号补给舰周四通过台湾海峡。美军太平洋舰队发言人蒂姆·戈尔曼称，这是据国际法在台湾海峡展开的一次例行性行动。,美国海军两艘军舰“麦克坎贝尔”号驱逐舰和“沃尔特·迪尔”号补给舰,台湾海峡
3563,对此，外交部发言人华春莹在当天下午举行的外交部例会上表示，中方密切关注并且全程掌握了美国军舰过航台湾海峡的情况，并且已经就此向美方表达了关切。“台湾问题中美关系中最重要、最敏感的问题，”华春莹说，“我们敦促美方恪守一个中国原则和中美三个联合公报规定，慎重妥善处理涉台问题，以免损害中美关系和台海和平稳定。”,美国军舰,台湾海峡
3564,,,
3565,【环球网军事1月25日报道】据俄罗斯《消息报》1月24日报道，从今年起，俄罗斯海军军舰每次出航都将有海军陆战队部队随行，这种反恐小组的人员组成和规模取决于舰船类型。例如，护卫舰为20名“黑色贝雷帽”特种部队队员。他们将配备冲锋枪、机枪、狙击枪和火箭筒。海军陆战队员将对舰船实施保护、对抗恐怖分子和破坏分子并对可疑船只进行登船检查。如有必要，将派“黑色贝雷帽”保护港口舰船。,“黑色贝雷帽”,港口舰船
3572,2000至2010年，海军陆战队员与海军和特种部队曾联合打击索马里海盗。特别是2010年，海军陆战队员从“沙波什尼科夫元帅”号大型反潜舰展开行动，成功解救被劫持的“莫斯科大学”号油轮。 此次行动中，油轮船员和军人均无伤亡。,海军陆战队员,“莫斯科大学”号油轮
3574,【环球网军事1月25日报道】俄罗斯卫星通讯社1月24日报道，卡拉什尼科夫集团康采恩公司总经理弗拉基米尔·德米特里耶夫表示，“天王星-9”战斗机器人将列装俄罗斯军队。,“天王星-9”战斗机器人,俄罗斯军队
3576,机器人综合体“天王星-9”战斗机器人用于侦察、火力支援和敌方装甲车辆的破坏。这款重达12吨的机器人配备了用反坦克导弹“突击”制导武器综合系统、 “大黄蜂-M”火箭筒、30毫米2A72机关炮和7.62毫米自动机枪。,“天王星-9”战斗机器人,反坦克导弹“突击”制导武器综合系统、 “大黄蜂-M”火箭筒、30毫米2A72机关炮和7.62毫米自动机枪
3578,【环球网军事1月25日报道】俄罗斯卫星通讯社1月24日报道，俄罗斯海军波罗的海舰队新闻处向记者表示，该舰队S-400防空导弹系统战勤班组在实兵演练期间对假想目标进行了导弹电子模拟发射。,S-400防空导弹系统战勤班组,导弹电子模拟发射
3579,波罗的海舰队新闻处透露，“在演练的实兵阶段，S-400防空导弹系统战勤班组演练了获取有关发现空中巡航导弹信号后遂行任务的动作，进行了导弹的电子发射，假想敌空中目标被摧毁”。,S-400防空导弹系统战勤班组,导弹的电子发射
3582,【环球网军事1月25日报道】 俄罗斯国防部信息与大众传媒司1月24日发布消息称，一架瑞典“湾流”侦察机在波罗的海中立水域上空沿俄罗斯边境活动，俄军出动苏-27战斗机升空对其进行拦截。,俄军出动苏-27战斗机,一架瑞典“湾流”侦察机
3583,俄国防部称，“俄罗斯监视波罗的海中立水域上空的侦察设备，发现了一个空中目标接近俄罗斯联邦国界，防空值班兵力出动了1架苏-27战斗机升空拦截”。,1架苏-27战斗机,空中目标
3584,俄国防部补充说，俄军歼击机抵近时与空中目标保持了安全距离，识别出这是一架瑞典空军“湾流”侦察机，其敌我识别应答机处于关闭状态。俄国防部指出，“外机离开俄罗斯联邦国境线后，俄军战斗机顺利返回驻地机场”。,俄军歼击机,瑞典空军“湾流”侦察机
3585,随后瑞典军队向媒体表示，俄罗斯军队的飞机在1月19日曾短时间内进入瑞典领空。,俄罗斯军队的飞机,瑞典领空
3586,消息中称：“俄罗斯伊尔-20飞机1月19日在苏-27战斗机的伴随下飞越波罗的海上空。俄罗斯飞机在布莱金厄省的卡尔斯港南部飞行时，曾在没有经过允许的情况下短时间内进入瑞典领空。”瑞典军方认为此为侵犯领空行为，并已向政府报告。,俄罗斯伊尔-20飞机,瑞典领空
3593,美国太平洋舰队“麦克坎贝尔”号驱逐舰和“沃尔特·迪尔”号补给舰星期四通过台湾海峡，这是今年以来美舰第一次过台湾海峡，也是去年10月以来的第三次此类行动。这样的频率是很多年来所没有过的。,“麦克坎贝尔”号驱逐舰和“沃尔特·迪尔”号补给舰,台湾海峡
3594,台湾海峡的中间部分不属于中国的领海，外国船只和军舰都是可以无害通过的。然而美国军舰过台海的真正目的是进行地缘政治示威，美方星期四宣称这样做是要表明“美国对一个自由开放的印度-太平洋的承诺”，但它的这番漂亮话包裹着谁都能看得懂的挑衅。,美国军舰,台海
3604,【环球时报综合报道】“日本海上自卫队巡逻机靠近韩国海军舰艇威胁飞行”在两国所引发的争吵正逐步升级。韩军24日公布了日本海上自卫队P-3巡逻机此前一天贴近飞行威胁韩国军舰的5张照片。其中一张照片显示，日机在60米的低空靠近韩舰，双方最近距离仅有540米。,日本海上自卫队P-3巡逻机,韩国军舰
3605,韩联社称，23日下午2时3分许，日本P-3巡逻机在东海海域靠近韩方军舰。韩国联合参谋本部紧急召开记者会，强烈谴责日本巡逻机的威胁性飞行举动。韩国军方24日公布了2张红外线摄像机所拍影像的截图、1张光学摄像机所拍影像的截图和2张雷达画面。其中一张红外照片拍下23日下午2时3分日机的身影（下图）。此时的雷达画面显示，日机在60米高度低飞，距韩军“大祚荣”号驱逐舰右舷仅有540米。韩国国防部称，“雷达所标日机的高度和距离是客观科学的证据”。报道还透露，韩军24日原计划公布完整的监视录像“批评日方威胁行为”，最后却只发布照片，留出了转圜余地，表明韩方基于事实化解争议的立场。,日本P-3巡逻机,韩军“大祚荣”号驱逐舰
3612,印度在安达曼－尼科巴群岛的军事活动近年来日益频繁。印度《经济时报》称，由于中国核潜艇和常规潜艇经常在印度洋地区出现，印度已开始在安达曼－尼科巴群岛的前沿军事基地部署最新远程海上巡逻机和无人侦察机。印度军事战略家认为，向安达曼-尼科巴群岛派驻战斗机，不仅能加强印度洋东部地区的防御，而且有助于对抗中国海军。此举也将标志着自二战结束以来，首次有战斗机长期驻扎在安达曼-尼科巴群岛。,印度,海上巡逻机和无人侦察机
3615,【环球时报综合报道】据韩联社24日报道，韩国破冰科考船“ARAON”号23日在南极成功救援中国科考队。,韩国破冰科考船“ARAON”号,中国科考队
3616,报道称，因中方人员乘坐的“雪龙”号科考船于19日在航行途中与冰山相撞，“科考船被迫返回，24名中国科考队员由此受困”。韩国海洋水产部介绍说，中方基地建设现场的临时建筑可以御寒，但生活用品仅够维持到下个月初。加上南极正值夏季，该基地附近可作为飞机跑道的海冰消融，飞机难以前往救援，增派其他船舶至少需要10天。由此，正在罗斯海执行勘察任务的“ARAON”号21日应中方请求赶往救援。,“ARAON”号,“雪龙”号科考船
3619,韩媒描述说，由于现场没有停靠设施，“ARAON”号在距离中方约700米处海域待命，韩方出动直升机帮助中方人员安全乘船。“ARAON”号将于2月4日将中方人员送抵新西兰利特尔顿港，并将于2月9日重返张保皋站接回韩方科考队48名队员。报道称，“ARAON”号是韩国首艘国产破冰科考船，于2009年服役，多次执行极地勘探任务，2011年在南极营救遇险的俄罗斯渔船。,“ARAON”号,韩国首艘国产破冰科考船
3623,【环球时报报道 特约记者 李强 本报记者 刘扬】由于装备了很多极具战略威慑力的国之重器，解放军火箭军的一举一动往往牵动着境外媒体的敏感神经。近日，国内媒体关于“东风-26”“东风-17”等导弹的报道再次引发外媒集体关注，并将其与“美英海军巡航南海”联系起来。不过中国专家表示，中国官方媒体报道的相关内容完全是火箭军部队日常训练活动，不必过度解读，外媒似乎患上了“中国导弹过敏症”。,解放军火箭军,“东风-26”“东风-17”等导弹
3624,中国官方媒体发布的新型中远程弹道导弹训练视频首先受到境外媒体关注。“防务博客”网站23日题为“中国发布‘东风-26’弹道导弹发射视频”的文章称，中国媒体发布了“东风-26”中远程弹道导弹（IRBM）的发射视频。报道称，“东风-26”是中国人民解放军火箭军部署的最复杂、最先进的中远程弹道导弹之一。“‘东风-26’中远程弹道导弹最大射程为4000公里，可以威胁远至太平洋岛屿关岛的美国地面和海上部队。”文章称，中国媒体将该导弹系统称为“关岛快递”，因为它能够携带常规或核弹头打击这个美国太平洋基地。,中国,‘东风-26’弹道导弹
3625,报道称，“东风-26”是一种两级固体燃料导弹，安装在12×12运输/起竖/发射车（TEL）上，该发射车可能基于一家中国大型国有军工集团下属公司研制的HTF5680底盘。报道称，“东风-26”于2015年9月3日的阅兵式上向公众展示。根据英国《简氏防务周刊》报道，中国国防部于2018年4月证实，中国自主研制的“东风-26”中远程弹道导弹已进入解放军火箭军服役。,“东风-26”,两级固体燃料导弹
3627,除“东风-26”以外，不少境外媒体还把关注焦点对准所谓的“东风-17”。美国《大众机械》网站24日称，中国表示其新型高超音速导弹“东风-17”可以击沉美国海军的航空母舰。文章称，中国媒体报道称，如果发射8枚“东风-17”导弹可能会击沉一艘美国航母，而且“西方导弹防御系统”追踪或拦截“东风-17”将是“不可能的”。,“东风-17”,新型高超音速导弹
3628,报道称，“东风-17”是一种助推滑翔型高超音速武器系统。传统的弹道导弹将弹头送入太空，以相对固定的抛物线弹道抵达目标。然而，高超音速武器则以超过5马赫的速度向目标俯冲，因此很难拦截。不过《大众机械》的文章认为，中国要想用“东风-17”有效攻击美国航母，还要克服很多困难，包括对航母战斗群的侦察监视。,“东风-17”,助推滑翔型高超音速武器系统
3632,印度《经济时报》以及美国《商业内幕》网站则关注到中国火箭军的一次模拟发射。上述媒体援引中国官方媒体报道称，中国人民解放军火箭军从一个地下掩体对一个假想敌进行了洲际弹道导弹（ICBM）模拟打击任务。发布这一消息的官方媒体没有透露有关演习地点和时间等详细信息。报道称，在封闭式环境下进行长期生存训练已成为部队常态，这将有助于确保一旦战争爆发能够有效反击实施能力。文章称，中国承诺永远不会首先使用核武器，只会在反击中使用核武器，其战略导弹储存设施必须能够在第一波敌对核打击中幸存下来。,中国人民解放军火箭军,洲际弹道导弹（ICBM）模拟打击任务
3635,俄罗斯展示9M729导弹,俄罗斯,9M729导弹
3636,【环球时报驻美国特约记者 温燕 环球时报特约记者 柳直 王逸】当地时间23日，俄罗斯首次向外界展示9M729型导弹，以此反驳美国宣称的该导弹违反《中导条约》的说法。路透社评论称，随着美国2月2日“退约”大限渐渐逼近，莫斯科此举意在劝说华盛顿继续保留《中导条约》。不过美国和其他北约成员国拒绝参加此次活动。美国驻俄罗斯大使馆新闻官卡兰24日表示，展示活动无法证明俄罗斯遵守了《中导条约》。有美国专家认为，美俄都已停止挽救《中导条约》，现在就看谁是终结条约的罪魁祸首，双方开始“甩锅”。,俄罗斯,9M729型导弹
3641,对于卡兰的说法，俄国家杜马议员诺维科夫表示，美国退出《中导条约》的立场坚定，但他们不希望退约责任落在自己身上，因此试图指责俄违规。在俄罗斯周三的展示活动后，美国将继续就此事件对俄发动信息战。美国广播公司称，莫斯科周三的展示活动不太可能缓和美俄在《中导条约》上的争端。相反，专家们认为，这说明美俄已停止挽救该条约。美国前驻乌克兰大使皮弗表示：“我们现在看到的是，俄罗斯和美国都开始寻找谁是导致条约终结的罪魁祸首，而不是努力寻找解决方案”。,美国,《中导条约》
3650,台军装备的“锐鸢”无人机,台军,“锐鸢”无人机
3651,【环球网军事1月24日报道】台湾近日首度公布了其“海上战术侦搜大队”装备的多款无人机的战备情况，现场展示了台湾自行研制的“锐鸢”无人机的作战能力，还公布了该机所拍摄到的大陆电子侦察船的照片。,“海上战术侦搜大队”,多款无人机
3652,据台湾“联合新闻网”1月24日报道，台湾“国防部”在屏东“神鸥基地”首次展示了“锐鸢”无人机的作战能力，该机从基地起飞，飞行至南部外海3000米的高空进行监视作业展示，与台军的“联成系统”的卫星指挥管制系统，共同回传海上两艘作战舰艇备战作业。,台湾“国防部”,“锐鸢”无人机
3653,当日上午台军派出纪德级苏澳舰及康定级昆明舰至南部外海，模拟导弹来袭，实施防空一级备战演练，施放干扰弹及采取反导弹措施，将各式武器指向来袭目标。“锐鸢”无人机按照作战中心提供预警情报起飞，执行目标联合监侦、搜索目标位置并传递情报。另外，台军还展示了“红雀”无人机起降，强调此型机已在东沙岛、南沙太平岛升空进行实地监侦。,台军,“红雀”无人机
3655,“联合新闻网”报道称，“锐鸢”无人机成军初期负责陆域、海际侦搜，2016年起陆续进驻各机场。台海军上午也公开了“锐鸢”无人机的识别成果，该机曾在2017年11月间在台湾东部外海100公里外，侦获大陆舷号为851的北极星号电子侦察舰，并公布了“锐鸢”无人机所拍摄的画面。,台海军,“锐鸢”无人机
3656,台军“锐鸢”无人战术侦察机由台湾“中科院”自行研制，该机身长5.3米、翼展8.7米，最大起飞重量450千克，有效载荷50千克，按其尺寸和载荷能力来看只能算是一款中小型无人机。台军装备该无人机以来，已经发生多次坠机事故。该机造价不菲加上事故频发，引来台湾陆军的嫌弃，于2017年9月1日被“踢”给了海军，从“战术侦察大队”转隶海军“战术侦搜大队”。,台湾“中科院”,台军“锐鸢”无人战术侦察机
3657,“锐鸢”无人机坠毁在小学附近,“锐鸢”无人机,小学附近
3658,台海军“海上战术侦搜大队”上周就有一架“锐鸢”无人机坠海被捞回，海军自陆军接手机队后，已有3架机坠海，而在台陆军服役期间“锐鸢”公开坠毁事故就有4起。其中一起最为严重的事故发生于2018年3月8日，台湾海军一架“锐鸢”无人机于本日上午坠毁在屏东县武潭“国小”（小学）平和分校附近草地，所幸未造成人员损伤。,“锐鸢”无人机,屏东县武潭“国小”（小学）平和分校附近草地
3664,【环球网军事1月24日报道】印度新德里电视台（NDTV）1月23日报道，印度举行的“海上守夜”大规模军事演习共动用印度海军和海岸警卫队的大约150艘舰船以及40多架飞机和直升机。此次演习期间将演练一系列综合行动，旨在防止发生2008年孟买恐袭类似事件。,印度,“海上守夜”大规模军事演习
3665,“海上守夜”军演于周二启动，实兵实弹阶段定于周三举行。新德里电视台指出，这是印度“经济之都”遭极端分子攻击后十年来举行的最大规模此类演习。,印度,“海上守夜”军演
3666,新德里电视台援引海军发言人的话报道称：“此次军演目的是对孟买恐袭事件后所采取措施的有效性进行全面而系统的检查。”“海上守夜”军演沿印度长达7500多公里的整个海岸线展开，涉及所有13个沿海邦和联邦属地。,印度,“海上守夜”军演
3667,2008年11月，多名伊斯兰武装分子从巴基斯坦乘摩托艇抵达孟买，实施一系列恐怖袭击，造成166人死亡，其中包括多名外国公民。,多名伊斯兰武装分子,恐怖袭击
3669,【环球网军事1月24日报道】俄罗斯卫星通讯社1月23日报道，俄罗斯副外长谢尔盖·里亚布科夫表示，美国怀疑9M729导弹违反《中导条约》，要求对其进行全部销毁，对俄罗斯来说这是绝对不可接受的。,9M729导弹,《中导条约》
3671,美国总统特朗普早前表示美国打算退出《中导条约》，指责俄罗斯违反该条约，并称美国需要发展该条约所限制的武器。俄罗斯总统新闻秘书佩斯科夫指出，《中导条约》破裂将迫使俄罗斯为保障自身安全采取措施。,美国,《中导条约》
3675,【环球网军事1月24日报道】俄罗斯卫星通讯社1月23日报道，俄罗斯国防部23日首次向外国武官展示了现代化升级版的9M729导弹，它被美国指责违反《中导条约》。,俄罗斯国防部,现代化升级版的9M729导弹
3676,俄国防部称，9M729导弹是9M728导弹的现代化升级版，用于“伊斯坎德尔-M”战略行动导弹系统。它提升了弹头力量并获得了新的空中控制装置，保障更高的击中目标的精确度。国防部此前表示，弹头数量改变和采用附加设备使导弹变长了53厘米。与此同时，俄军方表示，导弹飞行最大距离减少了10公里，目前为480公里，不违反中导条约的规定。,9M729导弹,“伊斯坎德尔-M”战略行动导弹系统
3677,俄罗斯武装力量导弹兵和炮兵司令米哈伊尔·马特维耶夫斯基中将当日表示，俄罗斯的9M729导弹并未违反《中导条约》，它是“伊斯坎德尔-M”导弹系统含有的9M728导弹的升级版。马特维耶夫斯基在同外国武官的吹风会上表示，“9M728巡航导弹的现代化旨在增加弹头的力量和准确性。9M728和9M729导弹在大多数系统中都通用。” 马特维耶夫斯基指出，升级后的9M729导弹获得了新的发射器，它可以装载四枚导弹，而从前只能配备两枚。,“伊斯坎德尔-M”导弹系统,9M729导弹
3686,据新华社莫斯科1月21日电 （记者栾海）俄罗斯武器家族即将迎来载人空降新成员——120毫米口径2S42型自行火炮“莲花”（简称“莲花”炮）。俄军方近日宣布今年对其进行最后一轮测试。如能顺利通过，该炮将于2020年开始量产。,俄罗斯武器家族,2S42型自行火炮“莲花”（简称“莲花”炮）
3687,“莲花”炮由俄罗斯中央精密机器制造科研所研制。据科研所的母公司俄罗斯技术集团网站发布的消息，“莲花”炮战斗全重18吨，可容纳乘员4人，在完全做好战斗准备的情况下，载人空降到急需火力支援的交战位置。,俄罗斯中央精密机器制造科研所,“莲花”炮
3688,科研所所长巴科夫表示，“莲花”炮采用一系列新设计方案，可满足更高的人机工程学要求，提高作战性能和战场生存能力。该武器采用可载人空降的BMD-4M型空降兵战车的底盘，其外壳由钢材和特种铝合金制成，壳体外形具有特殊棱角，可减少对敌方飞机雷达波的反射，具有一定隐身效果。,“莲花”炮,可载人空降的BMD-4M型空降兵战车的底盘
3689,据俄媒报道，“莲花”炮左右两侧各有7个履带负重轮，发动机功率达450马力。主炮射程为1公里至13公里，可使用120毫米口径的各种炮弹，瞄准射击速度为每分钟6至8发炮弹。执行空投作业的每架伊尔-76运输机可装载两门“莲花”炮。将来，“莲花”炮拟装备俄空降兵和海军陆战队。,伊尔-76运输机,两门“莲花”炮
3696,直升机搭载特战队员升空进行巡逻警戒。,直升机,特战队员
3698,当地时间1月22日下午，正在亚丁湾护送商船航行的中国海军第31批护航编队昆仑山舰，成功慑止6艘疑似海盗小艇接近编队，确保了被护船舶的安全。,中国海军第31批护航编队昆仑山舰,6艘疑似海盗小艇接近编队
3700,22日14时30分许，昆仑山舰雷达更突然报告：“方位074，距离42链，发现一批可疑小目标。”当天，亚丁湾海域升起雾气，能见度不佳。昆仑山舰一边综合运用多种手段加强观察，一边迅速调整阵位，向可疑目标高速机动，将其与被护船舶隔离，并长鸣汽笛示警。然而，可疑目标继续高速向编队行驶。,昆仑山舰雷达,一批可疑小目标
3706,俄罗斯“自由媒体”23日报道称，1月18日在日本海上空，俄军两架苏-34战斗轰炸机在空中擦撞，4名飞行员中只有1人获救。俄专家指出，此次事故极有可能是“人祸”大于“机械故障”，可能是两架飞机的飞行员做一些近距离机动动作的失误，造成了此次事故。22日，一架图-22M3轰炸机完成例行训练飞行后，因突遇暴雪在摩尔曼斯克州奥列尼亚军用机场硬着陆时坠毁，造成机上4名飞行员中3人死亡。在一周内，俄罗斯空天军失去了多架战机，这还不是最糟糕的，最糟糕的是失去了6名飞行员。俄天空军事故率增加，除了天气等原因外，还有飞行员自身素质的原因。2016年俄国防部长绍伊古曾表示，俄空天军飞行员缺额1300多人，相信现在飞行员的数量仍然不足。虽然现在俄军飞行员飞行训练时间增加，一些飞行员甚至在叙利亚接受过实战锤炼，但不少飞行员仍缺乏足够的飞行经验，在飞行时不免会出现错误。俄空军专家彼得·杰涅金称，现在飞行员在训练中存在一个问题，他们在很长时间使用各种模拟器训练。他们学会在电脑上飞行，但这只是一个玩具，训练效果并不好。俄舰载机团大部分时间在模拟航母甲板上着陆，结果，2016年两架舰载机在地中海试图降落在“库兹涅佐夫”号航母上时坠毁。因此，飞行员需要更多实际飞行训练。,俄军,两架苏-34战斗轰炸机
3717,日本自卫队装备的F-15战斗机,日本自卫队,F-15战斗机
3729,【环球网综合报道】据韩联社1月23日报道，韩国国防部发布消息称，当日下午2时3分许，日本巡逻机在苏岩礁附近抵近韩方军舰。韩国联合参谋本部作战本部长徐旭23日紧急召开记者会，强烈谴责日本巡逻机的威胁性飞行行为。,日本巡逻机,韩方军舰
3730,2018年12月，日本P-1海上巡逻机靠近韩国军舰飞行。来源：韩联社,本P-1海上巡逻机,韩国军舰
3737,以色列军队今天凌晨袭击了叙利亚的伊朗军火库和多处对实施轰炸任务的飞机开火的防空阵地。军方称空袭是对戈兰高地日前遭受火箭的袭击事件的报复。,以色列军队,叙利亚的伊朗军火库
3738,俄罗斯国防国家指挥中心21日发布消息称，以色列空军周一凌晨从西、西南和南部方向对叙利亚领土实施了三次空袭，造成叙利亚军队4死6伤。,以色列空军,空袭
3741,【环球网军事1月23日报道】俄罗斯卫星通讯社1月21日报道，一名知情人士向俄罗斯卫星通讯社透露，俄罗斯军队一辆装甲运兵车BTR-80在阿布哈茲翻入40米深峡谷，造成车内3名俄军人死亡，有关部门已对此事刑事立案。,俄罗斯军队,装甲运兵车BTR-80
3749,里亚布科夫指出，莫斯科方面毫不怀疑华盛顿已经决定退出《中导条约》。,华盛顿,《中导条约》
3751,【环球网军事1月23日报道】据俄罗斯《消息报》报道，俄罗斯在北极部署了带有人工智能元件的“共振-N”移动式雷达系统。该系统能够探测到一千公里之外的巡航导弹和无人机。报道称，此技术对北极地区尤为重要，因为敌人可能会从该地向乌拉尔、西伯利亚以及俄罗斯中部地区实施打击。,俄罗斯,“共振-N”移动式雷达系统
3752,俄国防部向《消息报》表示，“共振-N”于去年年底入编北方舰队，进入第45空防集团军无线电技术部队服役。“共振-N”用于有效远程探测各类空中目标。它能够发现反射面积很小的飞行物体并对其进行分类，能够轻易探测到隐形巡航导弹和弹道导弹以及高超音速飞行设备、微型无人机、直升机和隐形飞机。“共振-N”研发过程中使用了对大数据进行数学处理的最新认知技术，可以实现自学。,北方舰队,“共振-N”
3753,“共振-N”配备的相控阵大大拓展了雷达系统的能力，而定位器可自动与其他雷达系统交换数据。该设备能够探测到1100公里范围内的空中目标，向600公里范围内的防空设备发送目标指示。,“共振-N”,相控阵
3755,报道称，新雷达系统将大大提升防空部队在北极地区的防御能力。苏联解体后，这里的雷达网出现了“漏洞”。为解决这一问题，2015年在北极地区组建了北方舰队第45空防集团军，并于去年在其下成立了一支新的防空师。与此同时，部署在法兰士约瑟夫地群岛、新地岛、北地群岛和新西伯利亚群岛的无线电技术部队进入战斗值班。,北方舰队第45空防集团军,无线电技术部队
3758,俄罗斯军队正在积极升级防空设备，计划到2020年全面更新防空部队装备。目前，所有新组建的防空导弹旅和防空部队都已配备现代化武器系统，仅2018年就列装了120件新防空设备。,防空导弹旅和防空部队,现代化武器系统
3760,俄罗斯军舰发射反舰导弹,俄罗斯军舰,反舰导弹
3761,【环球网军事1月23日报道】俄罗斯卫星通讯社1月22日报道，俄罗斯国防部将接装经过轻量化改造的“锆石”高超音速导弹，导弹首先将用于武装“红带蛛”和“暴徒-M”级小型导弹舰。,俄罗斯国防部,“锆石”高超音速导弹
3762,此前，“锆石”高超音速导弹用于核巡洋舰、核潜艇和护卫舰。轻量型“锆石”高超音速导弹的出现将影响俄海军行动策略。俄罗斯《消息报》从俄海军总司令部获悉，新版“锆石”的战术技术要求已拟定。导弹虽小但基本技术性能不受影响，在杀伤力方面轻量型“锆石”要弱于常规版。“锆石”导弹将首先用于武装22800型”红带蛛“和21631型”暴徒-M“小型导弹舰。这两种小型导弹舰都配备了“口径”巡航导弹和“缟玛瑙”反舰导弹，”锆石“的出现将让它们无可匹敌。,“锆石”高超音速导弹,核巡洋舰、核潜艇和护卫舰
3763,“锆石”高超音速反舰导弹理论上是一种新武器，属于非核武器系统，但威力接近核武器。新型“锆石”导弹与上一代的反舰导弹相比较，击中航母型目标的机率更高。“锆石”导弹坚固、弹头强大、飞行速度快，爆炸能量能将大型战舰击沉至海底。,“锆石”高超音速反舰导弹,非核武器系统
3767,“轻量型的导弹发动机相同，但会用更小的弹头、燃油舱和其他结构性元件”，他说：“有很大可能导弹的起动加速器也将被修改，‘锆石’的起动加速器将非常强大。”新的加速器将能减少搭载“锆石”导弹的舰船（比如小型导弹舰）的发射载荷。他认为，小型导弹舰和潜艇上的超音速导弹能切实提高海军的力量。科尔涅夫还表示，轻型“锆石”能快速武装海军。小型导弹舰是“锆石”导弹最廉价的运载设备，一艘建造期为2-3年。,小型导弹舰和潜艇,超音速导弹
3770,武装分子装备使用美制“陶-2”反坦克导弹,武装分子,美制“陶-2”反坦克导弹
3784,据俄国防部早前消息，1月22日，一架图-22M3轰炸机完成例行训练飞行后，因突遇暴雪在摩尔曼斯克州硬着陆时坠毁，造成2名乘员死亡，2人受伤。飞机没有携带弹药。,图-22M3轰炸机,摩尔曼斯克州
3797,对于CSIS称朝鲜有“秘密导弹基地”，韩国联合参谋本部发言人22日在接受韩联社采访时表示，所谓“秘密基地”的朝鲜新五里基地是韩美一直密切关注的设施。报道称，新五里导弹基地部署有中程弹道导弹，但并没有中远程弹道导弹和洲际弹道导弹。实际上，韩国媒体曾多次提到该基地。,新五里导弹基地,中程弹道导弹
3802,“韩美3月初关键决断军演或面临搁浅。”韩国《中央日报》称，美国前防长马蒂斯辞职前曾确定2019年上半年举行韩美关键决断联合演习。不过，随着第二次“金特会”确定，马蒂斯“最后的作品”可能面临搁浅的命运。,美国,韩美关键决断联合演习
3804,参加演习的印度海军舰队,印度海军舰队,演习
3805,【环球时报综合报道】据《印度时报》网站22日报道，印度海军当天展开了规模最大的近岸海上防御演习，“严防恐怖分子从海上渗透发动恐怖袭击”。,印度海军,近岸海上防御演习
3807,印度海军发布的一份声明称，“这是一次由海军组织的大型战区联合演习，其规模是前所未有的。海上警戒和联合演习将覆盖整个海上安全领域演练科目，包括从和平过渡到战时开火。”,印度海军,大型战区联合演习
3810,印度声称，2008年11月26日，来自巴基斯坦的渗透人员利用劫持的渔船登陆印度海岸，在孟买发动了恐怖袭击，造成惨重的平民伤亡。此后，印度在提高海域态势感知能力和确保海上边界安全方面下了血本，不仅在海岸线上的各类灯塔上部署了46座远程雷达站，还先后建成了由海岸雷达链、国家自动识别系统网、部署在港口的船舶交通管理系统、渔船监控系统、远程识别和跟踪系统组成的多层监视体系。印度海岸警卫队也针对性地添置了数十艘气垫船、拦截船和巡逻机。印度海军还专门组建了1000人的“海上卫队”，并建立了一支小型快速拦截艇舰队，以保护其重要的舰艇和沿海设施。▲ （李传祯）,印度,46座远程雷达站
3812,俄军苏-24战机超低空飞掠美国海军驱护舰,俄军苏-24战机超,美国海军驱护舰
3813,【环球时报综合报道】美海军“唐纳德·库克”号导弹驱逐舰刚进入黑海海域，美军又向波罗的海派出两艘驱逐舰。俄罗斯《消息报》22日称，俄国家防御指挥中心称，俄波罗的海舰队已经派出“勇敢”号和“灵敏”号两艘护卫舰，对进入波罗的海南部水域的美海军“格雷夫利”号、“波特”号两艘驱逐舰进行跟踪监视。同时波罗的海舰队和西部军区的技术侦察系统也都参与监视美国军舰行动。,美海军“唐纳德·库克”号导弹驱逐舰,黑海海域
3815,《消息报》认为，美海军舰只同时出现在俄周边两个海域是很罕见的情况，而且美海军已经有很长一段时间没有进入波罗的海区域。俄专家认为，美国此举是为了测试俄罗斯海军反应能力。俄军事专家杰宾称，美国驱逐舰进入波罗的海，可能有几个目的：一是从事侦察活动，用无线电设备监视沿海地区的俄军动向。其次，美军欧洲司令部在这一海域展示其军事外交。美国试图以此向盟国表明，他们能得到美国的支持。,美国驱逐舰,波罗的海
3821,这个堪称“船海”的新型作战概念包括配置一个由分散但“相互联网”的下一代气垫登陆艇和其他小型船只构成的登陆船队。这些小型舰艇由大甲板两栖“母船”搭载，后者用于指挥和控制，同时带有传感器、远程火力和“第五代空中支援战机”。美国海军远征作战部长大卫·科夫曼少将在海军水面协会研讨会上做出上述设想。科夫曼将其解释为“将有人和无人驾驶的战斗艇家族，融入分布式海上作战行动”。,大甲板两栖“母船”,小型舰艇
3823,为支撑这个全新的作战概念，美海军将发展一系列新型舰艇，例如未来的气垫登陆艇、无人水面舰艇、两栖战车、舰载水下无人艇等，这将有助于美海军引入更有效和致命的“超视距由舰到岸”攻击能力。由两栖攻击舰搭载的F-35隐形战斗机将解决敌人的空对空和空对地威胁，发现并摧毁敌方岸基防御系统，为登陆作战铺平道路。,两栖攻击舰,F-35隐形战斗机
3824,反恐战争中大出风头的美国特种作战部队也在开始转型。美国“新闻报道”网站22日的报道称，美国“海豹”突击队正在“回归自己”。报道称，近年来，指挥“海豹”突击队和特种作战舟艇部队的美海军特种作战司令部已悄然开始进行“国家级演习”，并加大了与海军水面舰队的训练。,美海军特种作战司令部,“国家级演习”
3826,报道称，“海豹”突击队在夏威夷的训练需求呈指数级增长。截至目前，每年在夏威夷进行约100次训练，其中大都是潜水训练。然而特种作战司令部已要求在2019年进行330次演习，大部分演习将是伞降渗透，然后进行海上作战。,“海豹”突击队,演习
3858,火箭军战略导弹部队地下坑道训练,火箭军战略导弹部队,地下坑道训练
3888,【环球网军事报道】正在挪威空军忙着驾驶新到货的F-35隐身战机进行训练之际，部署该战机的奥兰多军事基地附近却出现了一件闹心的事，一座“鬼城”突然出现在了基地的周边。,奥兰多军事基地,F-35隐身战机
3889,据挪威当地的DR电视台报道，部署F-35战斗机的奥兰多基地附近居民正饱受该战机的巨大噪音的困扰，挪威军方不得不出资10亿丹麦克朗（约合10.3亿元人民币）“请”奥兰多基地附近的居民搬走。,奥兰多基地,F-35战斗机
3890,挪威最新到货的F-35战斗机,挪威,F-35战斗机
3891,报道称，奥兰多基地之前部署的是F-16战斗机，近40年来居民们已经适应了这种战斗机的噪音影响。而当发动机推力更大的F-35隐身战机部署于此之后，巨大的噪音问题已让民众们无法忍受。当F-35战斗机飞过时，巨大的噪音甚至会传到人的胃部，并使得屋里的吊灯摇晃、玻璃震动。一位接受电视台采访的当地居民，用摩托车来形容了F-35和F-16战斗机的噪音差别，他解释称F-16战机的噪音就像本田或铃木摩托车，而F-35简直就是哈雷摩托，它的声音更大、是一种更粗糙、更暴力的声音。,奥兰多基地,F-16战斗机
3898,截至目前挪威空军已经接装了16架F-35战斗机，而这一数字未来还会继续增加，该战机带来的噪音问题在未来和可能还会继续扩大。据最新的统计数据显示，截止到2019年1月，全球已经服役的F-35战斗机共有352架，但不少国家在装备这款先进隐身战斗机的时候都出现了意料之外的情况。,挪威空军,16架F-35战斗机
3900,澳大利亚空军到货的F-35A战斗机,澳大利亚空军,F-35A战斗机
3901,例如澳大利亚在接收首批两架F-35战斗机后就发现，该机隐形涂料在澳极度干燥与炎热气候下，可能维持不了多久就需更换。报道称由于涂料耗损情况高于预期，最极端的情况可能每飞行一次就得重涂。F-35战机的隐形涂料非常精密，稍微的刮痕可能就足以让雷达侦测到战斗机的行踪。制造商洛克希德马丁公司发言人坦承，这方面的技术瓶颈仍待克服。,澳大利亚,两架F-35战斗机
3904,美国海军装备的P-8A反潜巡逻机,美国海军,P-8A反潜巡逻机
3905,【环球时报综合报道】美澳军队目前正在进行2019“海龙”军演。据美国《海军时报》20日报道，这一锻炼反潜战能力的年度军演今年在关岛安德森空军基地举行。,美澳军队,2019“海龙”军演
3906,据报道，此次演习开始于1月14日，25日结束。美军此次派出4架P-8A反潜机，澳大利亚空军派出1架P-8A反潜机进行作战演练，他们在演习期间将得到联合机动战术作战中心的支持。“海龙”军演侧重的是对目标的协同打击能力。此次美澳反潜机将针对实际和模拟目标进行演练，包括“洛杉矶”级核动力攻击潜艇。,“洛杉矶”级核动力攻击潜艇,演习
3907,负责此次军演的美军第七舰队埃里克森上校表示，除了反潜训练，美澳军方还有机会强化作战杀伤力。第七舰队的新闻稿称，“海龙”军演是为了彰显美国及其伙伴已经做好准备，确保航行自由以及国际法允许的商业流动自由。埃里克森还表示，在今后的“海龙”军演中，参加国将覆盖到美国的其他盟友和伙伴。▲（任 重）,美澳军方,“海龙”军演
3909,运抵叙利亚的俄制S-300防空导弹系统,叙利亚,俄制S-300防空导弹系统
3910,【环球时报综合报道】当地时间周一凌晨，叙利亚大马士革附近再次传出爆炸声。以色列军方此次毫不讳言对叙利亚境内目标进行了空袭，而叙利亚方面则宣称击落大部分来袭导弹。分析指出，这可能是俄罗斯向叙利亚方面交付S-300后，以方对叙利亚发动的最大规模空袭。那么，叙以双方，谁是这次行动的胜利者？S-300又扮演了什么角色呢？,俄罗斯,S-300
3911,俄罗斯“今日经济”网21日报道称，俄罗斯军事专家称，叙利亚防空系统击退以色列攻击是由于俄罗斯帮助该国建立了完善的梯次配置防空系统。俄罗斯空军前副司令比热夫称，以色列此次攻击是在俄向叙利亚提供S-300防空系统后对叙利亚防空系统的一种试探。采取打击行动的以色列战机在叙利亚防空火力毁伤区域之外，对叙利亚防空系统区域发射精确制导导弹。当叙利亚防空系统进行拦截时，西方飞机上的无线电电子系统对其数据进行记录。因此，这是以色列进行的一次侦察性攻击，以便找出叙利亚防空系统的薄弱环节。,以色列战机,精确制导导弹
3912,一位不愿透露姓名的中国军事专家对《环球时报》记者表示，从各方报道来看，这次空袭很可能是在俄罗斯向叙利亚交付S-300后，以色列对叙利亚境内目标采取的规模最大的空袭行动。以色列方面很可能采取了以防区外导弹打击为主的战术，而且主要目标选择为伊朗部队的军事设施。以色列军机总体上距离叙利亚较远，战机可能没有大规模越境打击。这种打击的优势在于不必让以方战机处于危险之中，同时减少保障飞机，降低了行动组织上的复杂性。,俄罗斯,S-300
3914,专家表示，从交付时间来判断，叙利亚的S-300防空导弹系统目前很可能由俄罗斯军方操纵和保障，叙利亚相关人员仍处于培训状态。同时，以色列方面由于忌惮俄军方，很可能并未针对这些防空系统。,俄罗斯军方,S-300防空导弹系统
3915,俄国家新闻社21日报道称，俄防空部队博物馆馆长、退役上校克努托夫表示，这一空袭行动表明，叙利亚防空系统需要进一步完善，现在主要问题是叙利亚未能击落发射巡航导弹和制导炸弹的载具，这样以色列的F-16战机将继续执行类似行动。叙军装备的S-300防空导弹系统投入作战行动后，叙军利用该系统将可能击落在地中海和黎巴嫩上空的以军F-16战机。,以色列,F-16战机
3918,俄罗斯研制的铠甲S1弹炮合一防空系统,俄罗斯,铠甲S1弹炮合一防空系统
3919,【环球时报综合报道】当地时间周一凌晨，叙利亚大马士革附近再次传出爆炸声。以色列军方此次毫不讳言对叙利亚境内目标进行了空袭，而叙利亚方面则宣称击落大部分来袭导弹。分析指出，这可能是俄罗斯向叙利亚方面交付S-300后，以方对叙利亚发动的最大规模空袭。那么，叙以双方，谁是这次行动的胜利者？S-300又扮演了什么角色呢？,俄罗斯,S-300
3920,针对以色列的空袭，叙利亚方面则声称击落大部分来袭目标。俄罗斯卫星网21日报道称，叙利亚军方消息人士表示，以色列1月21日凌晨使用导弹从空中和地面对大马士革发起密集打击，叙防空部队成功击落其中大部分目标。当地时间21日凌晨，1时10分至2时在大马士革可以听到剧烈爆炸声。该消息人士称，大部分导弹在抵达目标前被击落。报道称，叙利亚国家电视台援引记者的消息称，防空部队击落“数十个”以色列目标。该电视台指出，攻击中使用了各种类型的武器。该电视台记者称，导弹是从黎巴嫩领空以及以色列加利利地区的北部和太巴列湖地区发射的。,叙防空部队,大部分目标
3921,而路透社称，俄罗斯国际文传电讯社引用俄防空控制中心的数据称，叙利亚军方的防空系统击落超过30枚巡航导弹和制导炸弹。报道还称，之前以色列针对大马士革东南机场的空袭，导致4名叙利亚军人阵亡，6人受伤。,叙利亚军方的防空系统,巡航导弹和制导炸弹
3922,俄“自由媒体”21日报道称，在此次对抗以色列打击时，俄向叙提供的“山毛榉”和“铠甲”防空系统发挥了主导作用。俄罗斯共向叙利亚提供约40套“铠甲”弹炮合一防空系统。“铠甲-S1”系统主要拦截低空目标，它在20公里范围内能够有效击中目标。“山毛榉”防空系统是在苏联时期提供的，但后来俄将该导弹系统更新为更先进的“山毛榉-M2E”防空系统，它配备的防空导弹可打击高度为15米至25公里的目标，射程为45公里。在此次行动中，没有消息说叙军使用了S-300防空系统。目前，在叙部署有3个营的S-300防空系统，每个营配备8具发射装置。叙军还装备苏联产的S-125、S-200、“黄蜂”等防空系统。俄军在叙利亚还部署有两个营的S-400防空系统，主要用于保护俄罗斯在叙的军事基地。,俄罗斯,40套“铠甲”弹炮合一防空系统
3924,【环球时报综合报道】当地时间周一凌晨，叙利亚大马士革附近再次传出爆炸声。以色列军方此次毫不讳言对叙利亚境内目标进行了空袭，而叙利亚方面则宣称击落大部分来袭导弹。分析指出，这可能是俄罗斯向叙利亚方面交付S-300后，以方对叙利亚发动的最大规模空袭。那么，叙以双方，谁是这次行动的胜利者？S-300又扮演了什么角色呢？,俄罗斯,S-300
3925,英国BBC网站21日报道称，以色列军方表示已开始袭击位于叙利亚的伊朗目标。以色列国防军表示，其行动是针对伊朗革命卫队的精锐部队——圣城部队。叙利亚媒体称，防空部队已击退“以色列空袭”。,以色列军方,叙利亚的伊朗目标
3927,BBC报道称，总部位于英国的叙利亚人权观察组织（SOHR）表示，以色列的导弹瞄准了 “首都大马士革附近”。大马士革的目击者声称听到夜空中巨大的爆炸声。SOHR后来说，以色列导弹摧毁了属于伊朗的武器库和军事哨所以及伊朗支持的真主党武装。,以色列导弹,伊朗的武器库和军事哨所
3928,以色列国家新闻网站20日报道称，在周日早些时候，叙利亚方面宣称击退以色列针对大马士革东南一处机场设施的攻击。据称，当时以色列罕见地在白天出动4架F-16战机，而叙利亚方面则使用了“铠甲”防空系统和“山毛榉”中程防空系统，击落7枚来袭导弹。,以色列,4架F-16战机
3982,资料图：中国海军泰州舰发射导弹,中国海军泰州舰,导弹
3983,人民网北京1月20日电 （邱越）据海军东海舰队公众信息权威发布平台“东海舰队发布”的消息，近日，一场为期4天的实弹射击演练在东海某海域展开。东部战区海军某驱逐舰支队派出泰州舰、徐州舰组成的舰艇编队全程融入战术背景，有效检验了各武器系统的实战化训练效能。军事专家曹卫东在接受人民网采访时表示，泰州舰和徐州舰的组合可形成速度快、火力猛的立体作战能力，这是适应未来战争的主要作战方式。,海军东海舰队,实弹射击演练
3984,据曹卫东介绍，此次参加演习的导弹驱逐舰泰州舰和导弹护卫舰徐州舰，是海军水面舰艇中战斗力最强也是最常用的装备。,导弹驱逐舰泰州舰和导弹护卫舰徐州舰,演习
3985,。徐州舰虽然是导弹护卫舰，但排水量达4000吨，可搭载防空、反舰导弹和各种声呐，还有火箭弹和深水炸弹，能够进行对空、对海、对潜的立体作战。,徐州舰,导弹护卫舰
3991,【环球网军事1月21日报道】当地时间1月20日上午，老挝在首都万象库马丹学院阅兵场举行阅兵庆典活动，庆祝老挝人民军建军70周年。据阅兵现场的照片显示，老挝陆军最新装备的俄制T-72坦克在阅兵式上首次亮相。,老挝,阅兵庆典活动
3992,在引进T-72坦克前，老挝陆军甚至还在使用二战时期的T-34老式坦克，是世界上为数不多的仍在使用该型坦克的国家。历经了70多年风雨的这批T-34坦克保养良好，依旧具备作战能力。不过这批T-34坦克不久前已经被俄罗斯“回购”，一共30辆T-34“功勋坦克”被从老挝运回俄罗斯国内，得到了俄民众和军方的热情迎接。俄罗斯国防部表示，老挝国防部是在两国军事技术合作框架下向俄罗斯移交这30辆T-34坦克的，而作为“回报”，俄罗斯向老挝出售了要比T-34先进得多的T-72坦克。,老挝陆军,T-34老式坦克
3994,报道称，在两国的技术合作协议中，老挝用T-34/85坦克以及一些特许条件“换购”了一批俄罗斯T-72B1MS“白鹰”坦克和3架雅克-130教练机。据当地媒体报道，12月中旬，大批T-72B“白鹰”主战坦克被运往老挝。有了T-72坦克的加入，老挝装甲部队的作战能力大大提升。而俄罗斯“回购”的T-34坦克按照计划将被用在俄罗斯各大城市的阅兵式上使用，另外也被用来更新博物馆展品和拍摄有关伟大卫国战争题材的电影。,老挝,俄罗斯T-72B1MS“白鹰”坦克和3架雅克-130教练机
